Time_stamp,Left_eye_diameter,Right_eye_diameter
463874918,nan,nan
463883251,nan,nan
463891585,nan,nan
463899918,nan,nan
463908251,nan,nan
463916584,nan,nan
463924917,nan,nan
463933251,nan,nan
463941656,nan,nan
463950062,4.044830322265625,4.3296051025390625
463958395,4.06512451171875,4.3777008056640625
463966729,4.0756988525390625,4.3915252685546875
463975054,4.07818603515625,4.387725830078125
463983387,nan,nan
463991721,nan,nan
464000054,nan,nan
464008387,nan,nan
464016722,4.10357666015625,4.3798980712890625
464025055,nan,nan
464033388,4.09033203125,4.3724822998046875
464041722,4.0750579833984375,4.3706817626953125
464050055,4.069183349609375,4.3561553955078125
464058388,4.0614013671875,4.340850830078125
464066722,4.0464324951171875,4.328125
464075056,4.029541015625,4.310546875
464083388,4.0195770263671875,4.2988739013671875
464091722,3.986297607421875,4.279266357421875
464100056,3.9789886474609375,4.2452545166015625
464108388,3.9778900146484375,4.21881103515625
464116728,3.960052490234375,4.201171875
464125061,3.930450439453125,4.1819305419921875
464133394,3.89801025390625,4.155853271484375
464141728,3.8960418701171875,4.1174468994140625
464150061,3.873565673828125,4.1020660400390625
464158394,3.8505859375,4.0882110595703125
464166728,3.832000732421875,4.059478759765625
464175061,3.807586669921875,4.020172119140625
464183394,3.787445068359375,4.0314483642578125
464191728,3.75238037109375,4.0187835693359375
464200061,3.6254425048828125,3.8909149169921875
464208395,3.5464630126953125,3.731048583984375
464216728,3.5176849365234375,3.2064971923828125
464225061,3.569183349609375,3.45721435546875
464233403,3.5971527099609375,3.796661376953125
464241728,3.6223297119140625,3.8292694091796875
464250070,3.6234893798828125,3.8462371826171875
464258395,3.605804443359375,3.8282470703125
464266729,3.56805419921875,3.8343505859375
464275062,3.5436553955078125,3.8141632080078125
464283395,3.50506591796875,3.8035125732421875
464291729,3.4564056396484375,3.7858734130859375
464300062,3.4264373779296875,3.75482177734375
464308395,3.4033966064453125,3.7591094970703125
464316729,3.397857666015625,3.727081298828125
464325063,3.4070281982421875,3.6869964599609375
464333396,3.4154510498046875,nan
464341729,3.4062957763671875,3.6371307373046875
464350062,3.407196044921875,3.470001220703125
464358395,3.3997955322265625,3.599822998046875
464366728,3.4015655517578125,3.5776824951171875
464375068,3.3927154541015625,3.589508056640625
464383401,3.376007080078125,3.5816192626953125
464391734,3.3729400634765625,3.577056884765625
464400076,3.3527374267578125,3.5561981201171875
464408401,3.3160858154296875,3.537017822265625
464416734,3.293212890625,3.526885986328125
464425068,3.1155242919921875,3.529876708984375
464433401,3.2654876708984375,3.511993408203125
464441734,3.2906951904296875,3.32220458984375
464450069,3.225494384765625,3.53460693359375
464458401,3.2992401123046875,3.5289459228515625
464466734,3.289947509765625,3.5274505615234375
464475069,3.296630859375,3.295440673828125
464483402,3.309051513671875,3.2725830078125
464491735,3.3013153076171875,3.260650634765625
464500068,3.3018646240234375,3.454559326171875
464508403,3.28314208984375,3.2391204833984375
464516737,3.291748046875,3.233642578125
464525071,3.2838134765625,3.2166290283203125
464533403,3.25579833984375,3.207733154296875
464541736,3.26409912109375,3.2095794677734375
464550070,3.2518157958984375,3.1831512451171875
464558403,3.2484283447265625,3.179168701171875
464566736,3.246917724609375,3.173675537109375
464575070,3.23724365234375,3.157684326171875
464583403,3.2233428955078125,3.151763916015625
464591736,3.2223968505859375,3.140167236328125
464600071,3.216644287109375,3.1322479248046875
464608403,3.2212066650390625,3.1403961181640625
464616736,3.190643310546875,3.3149566650390625
464625070,3.1960906982421875,3.1162872314453125
464633403,3.19573974609375,3.1118316650390625
464641740,3.18145751953125,3.1034088134765625
464650074,3.1888580322265625,3.09942626953125
464658407,3.1795806884765625,3.1072235107421875
464666740,3.179840087890625,3.09271240234375
464675074,3.1645355224609375,3.08984375
464683407,3.172027587890625,3.084869384765625
464691740,3.16632080078125,3.0689239501953125
464700074,3.168212890625,3.0735626220703125
464708407,3.1683197021484375,3.076751708984375
464716740,3.159423828125,3.071197509765625
464725074,3.164703369140625,3.0764007568359375
464733407,3.121826171875,3.2615203857421875
464741740,3.13653564453125,3.2864532470703125
464750073,3.1324615478515625,3.302093505859375
464758407,3.10693359375,3.2727813720703125
464766745,3.0965728759765625,3.27587890625
464775087,3.099517822265625,3.247222900390625
464783420,3.094940185546875,3.2090606689453125
464791745,3.09381103515625,3.2240142822265625
464800079,3.1248321533203125,3.2291717529296875
464808412,3.166839599609375,3.238525390625
464816754,3.19403076171875,3.25897216796875
464825087,3.218475341796875,3.26202392578125
464833420,3.16290283203125,3.266357421875
464841754,3.1431732177734375,3.2735748291015625
464850087,3.2076873779296875,nan
464858420,3.2395782470703125,nan
464866754,3.233917236328125,nan
464875085,3.2430572509765625,nan
464883418,nan,nan
464891752,nan,nan
464900086,nan,nan
464908419,nan,nan
464916753,nan,nan
464925086,nan,nan
464933419,nan,nan
464941753,nan,nan
464950086,nan,nan
464958419,2.82562255859375,nan
464966753,nan,nan
464975086,nan,nan
464983419,nan,nan
464991753,nan,nan
465000086,nan,nan
465008419,nan,nan
465016753,nan,nan
465025086,nan,nan
465033422,nan,nan
465041756,nan,nan
465050089,nan,nan
465058422,nan,2.67730712890625
465066756,nan,nan
465075089,nan,nan
465083422,nan,nan
465091756,nan,nan
465100089,nan,2.5364227294921875
465108422,nan,nan
465116756,nan,nan
465125089,nan,nan
465133422,nan,nan
465141755,nan,nan
465150089,nan,nan
465158422,nan,nan
465166760,nan,nan
465175094,nan,nan
465183427,nan,nan
465191760,nan,nan
465200094,nan,nan
465208427,nan,nan
465216760,nan,nan
465225094,nan,nan
465233427,nan,2.1949310302734375
465241760,nan,nan
465250094,nan,nan
465258427,nan,nan
465266760,nan,nan
465275094,nan,nan
465283427,nan,nan
465291762,nan,nan
465300096,nan,nan
465308429,nan,nan
465316762,nan,nan
465325096,nan,nan
465333429,nan,nan
465341762,nan,nan
465350096,nan,nan
465358429,nan,nan
465366762,nan,nan
465375096,nan,nan
465383429,nan,nan
465391762,nan,nan
465400096,nan,nan
465408428,nan,nan
465416762,nan,nan
465425095,nan,nan
465433358,nan,nan
465441622,nan,nan
465449955,nan,nan
465458289,nan,nan
465466622,nan,nan
465474955,nan,nan
465483288,nan,nan
465491669,nan,nan
465500050,nan,nan
465508432,nan,nan
465516766,nan,nan
465525095,nan,nan
465533428,nan,nan
465541761,nan,nan
465550095,nan,nan
465558434,nan,nan
465566768,nan,nan
465575101,nan,nan
465583434,nan,nan
465591768,nan,nan
465600101,nan,nan
465608434,nan,nan
465616768,nan,nan
465625101,nan,nan
465633434,nan,nan
465641768,nan,nan
465650101,nan,nan
465658434,nan,nan
465666768,nan,nan
465675101,nan,nan
465683434,nan,nan
465691769,nan,nan
465700102,nan,nan
465708435,nan,nan
465716769,nan,nan
465725102,nan,nan
465733435,nan,nan
465741769,nan,nan
465750102,nan,nan
465758435,nan,nan
465766768,nan,nan
465775102,nan,nan
465783435,nan,nan
465791768,nan,nan
465800102,nan,nan
465808435,nan,nan
465816775,nan,nan
465825108,nan,nan
465833441,nan,nan
465841775,nan,nan
465850108,nan,nan
465858441,nan,nan
465866774,nan,nan
465875108,nan,nan
465883441,nan,nan
465891775,nan,nan
465900108,nan,nan
465908441,nan,nan
465916775,nan,nan
465925108,nan,nan
465933441,nan,nan
465941775,nan,nan
465950110,nan,nan
465958443,nan,nan
465966777,nan,nan
465975110,nan,nan
465983443,nan,nan
465991776,nan,nan
466000107,nan,nan
466008440,nan,nan
466016773,nan,nan
466025106,nan,nan
466033440,nan,nan
466041773,nan,nan
466050107,nan,nan
466058395,nan,nan
466066683,nan,nan
466074971,nan,nan
466083304,nan,nan
466091638,nan,nan
466099971,nan,nan
466108304,nan,nan
466116637,nan,nan
466125018,nan,nan
466133399,nan,nan
466141781,nan,nan
466150115,nan,nan
466158448,nan,nan
466166779,nan,nan
466175113,nan,nan
466183446,nan,nan
466191779,nan,nan
466200112,nan,nan
466208449,nan,nan
466216782,nan,nan
466225116,nan,nan
466233449,nan,nan
466241782,nan,nan
466250116,nan,nan
466258449,nan,nan
466266782,nan,nan
466275116,nan,nan
466283449,nan,nan
466291782,nan,nan
466300116,nan,nan
466308449,nan,nan
466316782,nan,nan
466325116,nan,nan
466333449,nan,nan
466341787,nan,nan
466350120,nan,nan
466358454,nan,nan
466366787,nan,nan
466375121,nan,nan
466383454,nan,nan
466391787,nan,nan
466400120,nan,nan
466408454,nan,nan
466416787,nan,nan
466425120,nan,nan
466433454,nan,nan
466441787,nan,nan
466450121,nan,nan
466458454,nan,nan
466466787,nan,nan
466475122,nan,nan
466483456,nan,nan
466491789,nan,nan
466500122,nan,nan
466508456,nan,nan
466516789,nan,nan
466525123,nan,nan
466533456,nan,nan
466541789,nan,nan
466550122,nan,nan
466558456,nan,nan
466566789,nan,nan
466575122,nan,nan
466583456,nan,nan
466591789,nan,nan
466600122,nan,nan
466608463,nan,nan
466616796,nan,nan
466625129,nan,nan
466633458,nan,nan
466641791,nan,nan
466650124,nan,nan
466658457,nan,nan
466666791,nan,nan
466675124,nan,nan
466683457,nan,nan
466691791,nan,nan
466700124,nan,nan
466708389,nan,nan
466716654,nan,nan
466724989,nan,nan
466733324,nan,nan
466741657,nan,nan
466749990,nan,nan
466758323,nan,nan
466766704,nan,nan
466775085,nan,nan
466783467,2.2413177490234375,nan
466791800,nan,nan
466800129,nan,nan
466808462,nan,nan
466816795,nan,nan
466825129,3.22210693359375,nan
466833462,nan,nan
466841796,nan,nan
466850129,nan,nan
466858463,nan,nan
466866799,nan,nan
466875132,nan,nan
466883466,nan,nan
466891799,nan,nan
466900132,nan,nan
466908465,nan,nan
466916799,nan,nan
466925132,nan,nan
466933466,nan,nan
466941799,nan,nan
466950132,nan,nan
466958466,nan,nan
466966799,nan,nan
466975132,nan,nan
466983465,nan,nan
466991799,nan,nan
467000134,nan,nan
467008467,nan,nan
467016801,nan,nan
467025134,nan,nan
467033467,nan,nan
467041801,nan,nan
467050134,nan,nan
467058467,nan,nan
467066801,nan,nan
467075134,nan,nan
467083467,nan,nan
467091801,nan,nan
467100134,nan,nan
467108467,nan,nan
467116801,nan,nan
467125134,nan,nan
467133470,nan,nan
467141804,nan,nan
467150137,nan,nan
467158470,nan,nan
467166804,nan,nan
467175137,nan,nan
467183470,nan,nan
467191804,nan,nan
467200137,nan,nan
467208470,nan,nan
467216804,nan,nan
467225137,nan,nan
467233470,nan,nan
467241804,nan,4.630340576171875
467250137,nan,nan
467258474,nan,nan
467266808,nan,nan
467275143,nan,nan
467283476,nan,nan
467291809,nan,nan
467300142,nan,nan
467308473,nan,nan
467316806,nan,nan
467325140,nan,nan
467333473,nan,nan
467341737,nan,nan
467350002,nan,nan
467358335,nan,nan
467366669,nan,nan
467375004,nan,nan
467383339,nan,nan
467391672,nan,nan
467400005,nan,nan
467408374,nan,nan
467416742,nan,nan
467425110,nan,nan
467433479,nan,nan
467441812,nan,nan
467450146,nan,nan
467458482,nan,nan
467466816,nan,nan
467475149,nan,nan
467483483,nan,nan
467491816,nan,nan
467500149,nan,nan
467508483,nan,nan
467516816,nan,nan
467525154,4.101654052734375,nan
467533488,4.0677490234375,nan
467541821,nan,nan
467550154,nan,nan
467558488,nan,nan
467566821,nan,nan
467575154,nan,nan
467583488,3.9807281494140625,nan
467591821,nan,nan
467600154,nan,nan
467608487,nan,nan
467616821,nan,nan
467625154,nan,nan
467633488,nan,nan
467641821,nan,nan
467650156,2.6597442626953125,nan
467658490,1.985565185546875,nan
467666823,nan,nan
467675156,nan,nan
467683490,2.1313323974609375,nan
467691823,nan,nan
467700156,nan,nan
467708490,nan,nan
467716823,nan,nan
467725156,nan,nan
467733489,nan,nan
467741823,2.34478759765625,nan
467750156,1.7659912109375,nan
467758490,1.614898681640625,nan
467766823,2.35894775390625,nan
467775156,nan,nan
467783495,nan,nan
467791828,2.8638916015625,nan
467800161,1.78277587890625,nan
467808494,nan,nan
467816828,nan,nan
467825161,nan,nan
467833495,nan,nan
467841828,nan,nan
467850161,nan,nan
467858494,nan,nan
467866828,nan,nan
467875161,nan,nan
467883494,nan,nan
467891828,nan,nan
467900161,nan,nan
467908494,nan,nan
467916828,nan,nan
467925162,2.477691650390625,nan
467933495,nan,nan
467941828,nan,nan
467950156,nan,nan
467958489,nan,nan
467966823,nan,nan
467975156,nan,nan
467983489,nan,nan
467991823,nan,nan
468000156,nan,nan
468008489,nan,nan
468016823,nan,nan
468025156,nan,nan
468033489,nan,nan
468041823,nan,nan
468050162,nan,nan
468058495,nan,nan
468066829,nan,nan
468075162,nan,nan
468083495,nan,nan
468091829,nan,nan
468100162,nan,nan
468108495,nan,nan
468116829,nan,nan
468125162,nan,nan
468133494,nan,nan
468141827,nan,nan
468150160,nan,nan
468158494,nan,nan
468166828,nan,nan
468175163,nan,nan
468183496,nan,nan
468191830,nan,nan
468200163,nan,nan
468208496,nan,nan
468216829,nan,nan
468225162,nan,nan
468233496,nan,nan
468241830,nan,nan
468250163,nan,nan
468258496,nan,nan
468266830,nan,nan
468275162,nan,nan
468283496,nan,nan
468291829,nan,nan
468300162,nan,nan
468308500,nan,nan
468316833,nan,nan
468325166,nan,nan
468333500,nan,nan
468341834,nan,nan
468350167,nan,nan
468358500,nan,nan
468366833,nan,nan
468375167,nan,nan
468383500,nan,nan
468391833,nan,nan
468400166,nan,nan
468408500,nan,nan
468416833,nan,nan
468425167,nan,nan
468433500,nan,nan
468441836,nan,nan
468450169,nan,nan
468458502,nan,nan
468466835,nan,nan
468475168,nan,nan
468483502,nan,nan
468491836,nan,nan
468500169,nan,nan
468508434,nan,nan
468516699,nan,nan
468525032,nan,nan
468533366,nan,nan
468541699,nan,nan
468550032,nan,nan
468558365,nan,nan
468566698,nan,nan
468575036,nan,nan
468583415,nan,nan
468591794,nan,nan
468600175,nan,nan
468608508,nan,nan
468616841,nan,nan
468625174,nan,nan
468633507,nan,nan
468641840,nan,nan
468650173,nan,nan
468658506,nan,nan
468666839,nan,nan
468675173,nan,nan
468683506,nan,nan
468691840,nan,nan
468700176,nan,nan
468708509,nan,nan
468716843,nan,nan
468725177,nan,nan
468733510,nan,nan
468741843,nan,nan
468750176,nan,nan
468758509,nan,nan
468766843,nan,nan
468775177,nan,nan
468783510,nan,nan
468791843,nan,nan
468800177,nan,nan
468808509,nan,nan
468816843,nan,nan
468825176,nan,nan
468833512,nan,nan
468841846,nan,nan
468850179,nan,nan
468858512,nan,nan
468866846,nan,nan
468875179,nan,nan
468883513,nan,nan
468891846,nan,nan
468900179,nan,nan
468908513,nan,nan
468916846,nan,nan
468925179,nan,nan
468933512,nan,nan
468941846,nan,nan
468950179,nan,nan
468958513,nan,nan
468966851,nan,nan
468975184,nan,nan
468983517,nan,nan
468991851,nan,nan
469000184,nan,nan
469008517,nan,nan
469016851,nan,nan
469025184,nan,nan
469033517,nan,nan
469041851,nan,nan
469050184,nan,nan
469058518,nan,nan
469066851,nan,nan
469075184,nan,nan
469083518,nan,nan
469091850,nan,nan
469100187,nan,nan
469108520,nan,nan
469116853,nan,nan
469125186,nan,nan
469133520,nan,nan
469141853,nan,nan
469150118,nan,nan
469158383,nan,nan
469166716,nan,nan
469175050,nan,nan
469183383,nan,nan
469191716,nan,nan
469200049,nan,nan
469208382,nan,nan
469216718,nan,nan
469225097,nan,nan
469233476,nan,nan
469241855,nan,nan
469250188,nan,nan
469258525,nan,nan
469266858,nan,nan
469275192,nan,nan
469283525,nan,nan
469291859,nan,nan
469300192,nan,nan
469308526,nan,nan
469316859,nan,nan
469325192,nan,nan
469333526,nan,nan
469341859,nan,nan
469350192,nan,nan
469358528,nan,nan
469366861,nan,nan
469375194,nan,nan
469383527,nan,nan
469391861,nan,nan
469400194,nan,nan
469408527,nan,nan
469416861,nan,nan
469425194,nan,nan
469433527,nan,nan
469441861,nan,nan
469450194,nan,nan
469458527,nan,nan
469466861,nan,nan
469475194,nan,nan
469483527,nan,nan
469491866,nan,nan
469500199,nan,nan
469508532,nan,nan
469516866,nan,nan
469525199,nan,nan
469533532,nan,nan
469541866,nan,nan
469550199,nan,nan
469558532,nan,nan
469566866,nan,nan
469575199,nan,nan
469583532,nan,nan
469591866,nan,nan
469600199,nan,nan
469608532,nan,nan
469616871,nan,nan
469625204,nan,nan
469633537,nan,nan
469641871,nan,nan
469650204,nan,nan
469658537,nan,nan
469666871,nan,nan
469675204,nan,nan
469683537,nan,nan
469691871,nan,nan
469700204,nan,nan
469708537,nan,nan
469716871,nan,nan
469725204,nan,nan
469733534,nan,nan
469741867,nan,nan
469750200,nan,nan
469758533,nan,nan
469766867,nan,nan
469775200,nan,nan
469783539,nan,nan
469791873,nan,nan
469800206,nan,nan
469808470,nan,nan
469816735,nan,nan
469825068,nan,nan
469833402,nan,nan
469841735,nan,nan
469850069,nan,nan
469858402,nan,nan
469866735,nan,nan
469875104,nan,nan
469883472,nan,nan
469891840,nan,nan
469900211,nan,nan
469908544,nan,nan
469916877,nan,nan
469925206,nan,nan
469933540,nan,nan
469941873,nan,nan
469950206,nan,nan
469958540,nan,nan
469966873,nan,nan
469975206,nan,nan
469983540,nan,nan
469991873,nan,nan
470000206,nan,nan
470008539,nan,nan
470016875,nan,nan
470025208,nan,nan
470033541,nan,nan
470041875,nan,nan
470050208,nan,nan
470058541,nan,nan
470066875,nan,nan
470075208,nan,nan
470083542,nan,nan
470091875,nan,nan
470100208,nan,nan
470108541,nan,nan
470116875,nan,nan
470125208,nan,nan
470133541,nan,nan
470141878,nan,nan
470150211,nan,nan
470158544,nan,nan
470166878,nan,nan
470175211,nan,nan
470183544,nan,nan
470191878,nan,nan
470200211,nan,nan
470208544,nan,nan
470216878,nan,nan
470225211,nan,nan
470233544,nan,nan
470241878,nan,nan
470250211,nan,nan
470258544,nan,nan
470266878,nan,nan
470275216,nan,nan
470283549,nan,nan
470291883,nan,nan
470300216,nan,nan
470308549,nan,nan
470316883,nan,nan
470325216,nan,nan
470333549,nan,nan
470341883,nan,nan
470350216,nan,nan
470358549,nan,nan
470366883,nan,nan
470375216,nan,nan
470383549,nan,nan
470391883,nan,nan
470400216,nan,nan
470408549,nan,nan
470416886,nan,nan
470425219,nan,nan
470433553,nan,nan
470441886,nan,nan
470450219,nan,nan
470458416,nan,nan
470466749,nan,nan
470475083,nan,nan
470483416,nan,nan
470491750,nan,nan
470500083,nan,nan
470508416,nan,nan
470516749,nan,nan
470525082,nan,nan
470533416,nan,nan
470541752,nan,nan
470550156,nan,nan
470558561,nan,nan
470566894,nan,nan
470575228,nan,nan
470583561,nan,nan
470591894,nan,nan
470600228,nan,nan
470608562,nan,nan
470616895,nan,nan
470625228,nan,nan
470633562,nan,nan
470641895,nan,nan
470650228,nan,nan
470658562,nan,nan
470666895,nan,nan
470675228,nan,nan
470683562,nan,nan
470691895,nan,nan
470700228,nan,nan
470708562,nan,nan
470716895,nan,nan
470725228,nan,nan
470733562,nan,nan
470741895,nan,nan
470750228,nan,nan
470758562,nan,nan
470766895,nan,nan
470775228,nan,nan
470783562,nan,nan
470791895,nan,nan
470800234,nan,nan
470808568,nan,nan
470816901,nan,nan
470825234,nan,nan
470833568,nan,nan
470841901,nan,nan
470850234,nan,nan
470858568,nan,nan
470866901,nan,nan
470875234,nan,nan
470883568,nan,nan
470891901,nan,nan
470900234,nan,nan
470908568,nan,nan
470916901,nan,nan
470925234,nan,nan
470933572,nan,nan
470941905,nan,nan
470950238,nan,nan
470958572,nan,nan
470966905,nan,nan
470975238,nan,nan
470983572,nan,nan
470991905,nan,nan
471000238,nan,nan
471008571,nan,nan
471016905,nan,nan
471025238,nan,nan
471033571,nan,nan
471041905,nan,nan
471050233,nan,nan
471058566,nan,nan
471066899,nan,nan
471075232,nan,nan
471083567,nan,nan
471091901,nan,nan
471100234,nan,nan
471108499,nan,nan
471116764,nan,nan
471125097,nan,nan
471133431,nan,nan
471141764,nan,nan
471150098,nan,nan
471158431,nan,nan
471166764,nan,nan
471175097,nan,nan
471183431,nan,nan
471191766,nan,nan
471200102,nan,nan
471208435,nan,nan
471216768,nan,nan
471225101,nan,nan
471233435,nan,nan
471241768,nan,nan
471250102,nan,nan
471258435,nan,nan
471266768,nan,nan
471275101,nan,nan
471283435,nan,nan
471291768,nan,nan
471300102,nan,nan
471308436,nan,nan
471316770,nan,nan
471325103,nan,nan
471333437,nan,nan
471341770,nan,nan
471350103,nan,nan
471358436,nan,nan
471366770,nan,nan
471375103,nan,nan
471383437,nan,nan
471391770,nan,nan
471400103,nan,nan
471408436,nan,nan
471416770,nan,nan
471425103,nan,nan
471433437,nan,nan
471441773,nan,nan
471450109,nan,nan
471458442,nan,nan
471466775,nan,nan
471475108,nan,nan
471483442,nan,nan
471491775,nan,nan
471500109,nan,nan
471508442,nan,nan
471516775,nan,nan
471525108,nan,nan
471533442,nan,nan
471541775,nan,nan
471550108,nan,nan
471558441,nan,nan
471566775,nan,nan
471575109,nan,nan
471583444,nan,nan
471591777,nan,nan
471600110,nan,nan
471608443,nan,nan
471616777,nan,nan
471625110,nan,nan
471633444,nan,nan
471641777,nan,nan
471650110,nan,nan
471658443,nan,nan
471666777,nan,nan
471675110,nan,nan
471683444,nan,nan
471691777,nan,nan
471700110,nan,nan
471708446,nan,nan
471716782,nan,nan
471725115,nan,nan
471733449,nan,nan
471741782,nan,nan
471750115,nan,nan
471758448,nan,nan
471766782,nan,nan
471775115,nan,nan
471783449,nan,nan
471791782,nan,nan
471800115,nan,nan
471808448,nan,nan
471816782,nan,nan
471825115,nan,nan
471833449,nan,nan
471841783,nan,nan
471850118,nan,nan
471858451,nan,nan
471866785,nan,nan
471875118,nan,nan
471883451,nan,nan
471891784,nan,nan
471900118,nan,nan
471908451,nan,nan
471916785,nan,nan
471925118,nan,nan
471933451,nan,nan
471941784,nan,nan
471950118,nan,nan
471958451,nan,nan
471966785,nan,nan
471975120,nan,nan
471983455,nan,nan
471991788,nan,nan
472000121,nan,nan
472008454,nan,nan
472016788,nan,nan
472025121,nan,nan
472033455,nan,nan
472041788,nan,nan
472050121,nan,nan
472058454,nan,nan
472066788,nan,nan
472075121,nan,nan
472083454,nan,nan
472091787,nan,nan
472100121,nan,nan
472108456,nan,nan
472116791,nan,nan
472125124,nan,nan
472133457,nan,nan
472141790,nan,nan
472150124,nan,nan
472158457,nan,nan
472166791,nan,nan
472175124,nan,nan
472183457,nan,nan
472191790,nan,nan
472200124,nan,nan
472208457,nan,nan
472216791,nan,nan
472225125,nan,nan
472233460,nan,nan
472241793,nan,nan
472250127,nan,nan
472258460,nan,nan
472266794,nan,nan
472275127,nan,nan
472283460,nan,nan
472291793,nan,nan
472300127,nan,nan
472308460,nan,nan
472316794,nan,nan
472325127,nan,nan
472333460,nan,nan
472341793,nan,nan
472350127,nan,nan
472358462,nan,nan
472366797,nan,nan
472375130,nan,nan
472383463,nan,nan
472391796,nan,nan
472400130,nan,nan
472408463,nan,nan
472416796,nan,nan
472425129,nan,nan
472433463,nan,nan
472441796,nan,nan
472450130,nan,nan
472458463,nan,nan
472466796,nan,nan
472475129,nan,nan
472483463,nan,nan
472491799,nan,nan
472500135,nan,nan
472508468,nan,nan
472516802,nan,nan
472525135,nan,nan
472533468,nan,nan
472541801,nan,nan
472550135,nan,nan
472558468,nan,nan
472566802,nan,nan
472575135,nan,nan
472583468,nan,nan
472591801,nan,nan
472600135,nan,nan
472608468,nan,nan
472616801,nan,nan
472625135,nan,nan
472633470,nan,nan
472641803,nan,nan
472650137,nan,nan
472658470,nan,nan
472666803,nan,nan
472675136,nan,nan
472683470,nan,nan
472691803,nan,nan
472700137,nan,nan
472708470,nan,nan
472716803,nan,nan
472725136,nan,nan
472733470,nan,nan
472741803,nan,nan
472750137,nan,nan
472758472,nan,nan
472766808,nan,nan
472775141,nan,nan
472783475,nan,nan
472791808,nan,nan
472800142,nan,nan
472808475,nan,nan
472816808,nan,nan
472825141,nan,nan
472833475,nan,nan
472841808,nan,nan
472850142,nan,nan
472858475,nan,nan
472866808,nan,nan
472875141,nan,nan
472883475,nan,nan
472891810,nan,nan
472900145,nan,nan
472908478,nan,nan
472916811,nan,nan
472925144,nan,nan
472933478,nan,nan
472941811,nan,nan
472950144,nan,nan
472958477,nan,nan
472966811,nan,nan
472975144,nan,nan
472983478,nan,nan
472991811,nan,nan
473000144,nan,nan
473008477,nan,nan
473016811,nan,nan
473025146,nan,nan
473033482,nan,nan
473041815,nan,nan
473050149,nan,nan
473058482,nan,nan
473066815,nan,nan
473075148,nan,nan
473083482,nan,nan
473091815,nan,nan
473100149,nan,nan
473108482,nan,nan
473116815,nan,nan
473125148,nan,nan
473133482,nan,nan
473141815,nan,nan
473150148,nan,nan
473158483,nan,nan
473166818,nan,nan
473175151,nan,nan
473183485,nan,nan
473191818,nan,nan
473200151,nan,nan
473208484,nan,nan
473216818,nan,nan
473225151,nan,nan
473233485,nan,nan
473241818,nan,nan
473250151,nan,nan
473258484,nan,nan
473266818,nan,nan
473275152,nan,nan
473283487,nan,nan
473291820,nan,nan
473300153,nan,nan
473308486,nan,nan
473316820,nan,nan
473325153,nan,nan
473333487,nan,nan
473341820,nan,nan
473350153,nan,nan
473358486,nan,nan
473366820,nan,nan
473375153,nan,nan
473383487,nan,nan
473391820,nan,nan
473400153,nan,nan
473408488,nan,nan
473416824,nan,nan
473425157,nan,nan
473433491,nan,nan
473441824,nan,nan
473450157,nan,nan
473458490,nan,nan
473466824,nan,nan
473475157,nan,nan
473483490,nan,nan
473491823,nan,nan
473500157,nan,nan
473508490,nan,nan
473516824,nan,nan
473525157,nan,nan
473533490,nan,nan
473541825,nan,nan
473550161,nan,nan
473558494,nan,nan
473566828,nan,nan
473575161,nan,nan
473583495,nan,nan
473591828,nan,nan
473600161,nan,nan
473608494,nan,nan
473616828,nan,nan
473625161,nan,nan
473633495,nan,nan
473641828,nan,nan
473650161,nan,nan
473658494,nan,nan
473666828,nan,nan
473675162,nan,nan
473683497,nan,nan
473691830,nan,nan
473700164,nan,nan
473708497,nan,nan
473716831,nan,nan
473725164,nan,nan
473733497,nan,nan
473741830,nan,nan
473750164,nan,nan
473758497,nan,nan
473766831,nan,nan
473775164,nan,nan
473783497,nan,nan
473791830,nan,nan
473800164,nan,nan
473808499,nan,nan
473816835,nan,nan
473825168,nan,nan
473833501,nan,nan
473841834,nan,nan
473850168,nan,nan
473858501,nan,nan
473866835,nan,nan
473875168,nan,nan
473883501,nan,nan
473891834,nan,nan
473900168,nan,nan
473908501,nan,nan
473916835,nan,nan
473925168,nan,nan
473933501,nan,nan
473941836,nan,nan
473950171,nan,nan
473958504,nan,nan
473966838,nan,nan
473975171,nan,nan
473983504,nan,nan
473991837,nan,nan
474000171,nan,nan
474008504,nan,nan
474016837,nan,nan
474025170,nan,nan
474033504,nan,nan
474041837,nan,nan
474050171,nan,nan
474058504,nan,nan
474066837,nan,nan
474075172,nan,nan
474083507,nan,nan
474091840,nan,nan
474100174,nan,nan
474108507,nan,nan
474116841,nan,nan
474125174,nan,nan
474133507,nan,nan
474141840,nan,nan
474150174,nan,nan
474158507,nan,nan
474166841,nan,nan
474175174,nan,nan
474183507,nan,nan
474191841,nan,nan
474200175,nan,nan
474208508,nan,nan
474216841,nan,nan
474225174,nan,nan
474233508,nan,nan
474241841,nan,nan
474250175,nan,nan
474258508,nan,nan
474266841,nan,nan
474275174,nan,nan
474283508,nan,nan
474291841,nan,nan
474300175,nan,nan
474308508,nan,nan
474316841,nan,nan
474325177,nan,nan
474333514,nan,nan
474341847,nan,nan
474350181,nan,nan
474358514,nan,nan
474366847,nan,nan
474375180,nan,nan
474383514,nan,nan
474391847,nan,nan
474400181,nan,nan
474408514,nan,nan
474416847,nan,nan
474425180,nan,nan
474433514,nan,nan
474441847,nan,nan
474450181,nan,nan
474458515,nan,nan
474466850,nan,nan
474475183,nan,nan
474483517,nan,nan
474491850,nan,nan
474500184,nan,nan
474508517,nan,nan
474516850,nan,nan
474525183,nan,nan
474533517,nan,nan
474541850,nan,nan
474550183,nan,nan
474558516,nan,nan
474566850,nan,nan
474575183,nan,nan
474583517,nan,nan
474591852,nan,nan
474600187,nan,nan
474608520,nan,nan
474616854,nan,nan
474625187,nan,nan
474633521,nan,nan
474641854,nan,nan
474650188,nan,nan
474658521,nan,nan
474666854,nan,nan
474675187,nan,nan
474683521,nan,nan
474691854,nan,nan
474700188,nan,nan
474708521,nan,nan
474716854,nan,nan
474725189,nan,nan
474733524,nan,nan
474741857,nan,nan
474750190,nan,nan
474758523,nan,nan
474766857,nan,nan
474775190,nan,nan
474783524,nan,nan
474791857,nan,nan
474800190,nan,nan
474808523,nan,nan
474816857,nan,nan
474825190,nan,nan
474833524,nan,nan
474841857,nan,nan
474850190,nan,nan
474858525,nan,nan
474866860,nan,nan
474875193,nan,nan
474883527,nan,nan
474891860,nan,nan
474900193,nan,nan
474908526,nan,nan
474916860,nan,nan
474925193,nan,nan
474933527,nan,nan
474941860,nan,nan
474950193,nan,nan
474958526,nan,nan
474966860,nan,nan
474975193,nan,nan
474983527,nan,nan
474991862,nan,nan
475000197,nan,nan
475008530,nan,nan
475016864,nan,nan
475025197,nan,nan
475033531,nan,nan
475041864,nan,nan
475050197,nan,nan
475058530,nan,nan
475066864,nan,nan
475075197,nan,nan
475083530,nan,nan
475091863,nan,nan
475100197,nan,nan
475108530,nan,nan
475116864,nan,nan
475125198,nan,nan
475133533,nan,nan
475141866,nan,nan
475150200,nan,nan
475158533,nan,nan
475166867,nan,nan
475175200,nan,nan
475183534,nan,nan
475191867,nan,nan
475200200,nan,nan
475208533,nan,nan
475216867,nan,nan
475225200,nan,nan
475233534,nan,nan
475241866,nan,nan
475250199,nan,nan
475258532,nan,nan
475266866,nan,nan
475275199,nan,nan
475283532,nan,nan
475291865,nan,nan
475300199,nan,nan
475308532,nan,nan
475316866,nan,nan
475325199,nan,nan
475333532,nan,nan
475341865,nan,nan
475350199,nan,nan
475358532,nan,nan
475366866,nan,nan
475375203,nan,nan
475383541,nan,nan
475391874,nan,nan
475400208,nan,nan
475408541,nan,nan
475416875,nan,nan
475425208,nan,nan
475433541,nan,nan
475441874,nan,nan
475450208,nan,nan
475458541,nan,nan
475466875,nan,nan
475475208,nan,nan
475483541,nan,nan
475491874,nan,nan
475500208,nan,nan
475508543,nan,nan
475516878,nan,nan
475525211,nan,nan
475533544,nan,nan
475541877,nan,nan
475550211,nan,nan
475558544,nan,nan
475566878,nan,nan
475575211,nan,nan
475583544,nan,nan
475591877,nan,nan
475600211,nan,nan
475608544,nan,nan
475616877,nan,nan
475625210,nan,nan
475633544,nan,nan
475641879,nan,nan
475650214,nan,nan
475658547,nan,nan
475666880,nan,nan
475675213,nan,nan
475683547,nan,nan
475691880,nan,nan
475700214,nan,nan
475708547,nan,nan
475716881,nan,nan
475725214,nan,nan
475733547,nan,nan
475741880,nan,nan
475750214,nan,nan
475758547,nan,nan
475766881,nan,nan
475775215,nan,nan
475783550,nan,nan
475791883,nan,nan
475800217,nan,nan
475808550,nan,nan
475816883,nan,nan
475825216,nan,nan
475833550,nan,nan
475841883,nan,nan
475850217,nan,nan
475858550,nan,nan
475866883,nan,nan
475875216,nan,nan
475883550,nan,nan
475891883,nan,nan
475900217,nan,nan
475908552,nan,nan
475916887,nan,nan
475925220,nan,nan
475933554,nan,nan
475941887,nan,nan
475950221,nan,nan
475958554,nan,nan
475966887,nan,nan
475975220,nan,nan
475983554,nan,nan
475991887,nan,nan
476000221,nan,nan
476008554,nan,nan
476016887,nan,nan
476025220,nan,nan
476033554,nan,nan
476041889,nan,nan
476050224,nan,nan
476058557,nan,nan
476066890,nan,nan
476075223,nan,nan
476083557,nan,nan
476091890,nan,nan
476100224,nan,nan
476108557,nan,nan
476116890,nan,nan
476125223,nan,nan
476133557,nan,nan
476141890,nan,nan
476150223,nan,nan
476158556,nan,nan
476166890,nan,nan
476175223,nan,nan
476183557,nan,nan
476191890,nan,nan
476200223,nan,nan
476208556,nan,nan
476216890,nan,nan
476225223,nan,nan
476233557,nan,nan
476241890,nan,nan
476250224,nan,nan
476258557,nan,nan
476266890,nan,nan
476275223,nan,nan
476283557,nan,nan
476291893,nan,nan
476300230,nan,nan
476308563,nan,nan
476316896,nan,nan
476325229,nan,nan
476333563,nan,nan
476341896,nan,nan
476350229,nan,nan
476358562,nan,nan
476366896,nan,nan
476375229,nan,nan
476383563,nan,nan
476391896,nan,nan
476400229,nan,nan
476408562,nan,nan
476416896,nan,nan
476425232,nan,nan
476433568,nan,nan
476441901,nan,nan
476450234,nan,nan
476458567,nan,nan
476466901,nan,nan
476475234,nan,nan
476483568,nan,nan
476491901,nan,nan
476500234,nan,nan
476508567,nan,nan
476516901,nan,nan
476525234,nan,nan
476533568,nan,nan
476541901,nan,nan
476550234,nan,nan
476558568,nan,nan
476566903,nan,nan
476575236,nan,nan
476583570,nan,nan
476591903,nan,nan
476600236,nan,nan
476608569,nan,nan
476616903,nan,nan
476625236,nan,nan
476633570,nan,nan
476641903,nan,nan
476650236,nan,nan
476658569,nan,nan
476666903,nan,nan
476675236,nan,nan
476683569,nan,nan
476691904,nan,nan
476700240,nan,nan
476708573,nan,nan
476716907,nan,nan
476725240,nan,nan
476733573,nan,nan
476741906,nan,nan
476750240,nan,nan
476758573,nan,nan
476766907,nan,nan
476775240,nan,nan
476783574,nan,nan
476791907,nan,nan
476800240,nan,nan
476808573,nan,nan
476816907,nan,nan
476825242,nan,nan
476833577,nan,nan
476841910,nan,nan
476850243,nan,nan
476858576,nan,nan
476866910,nan,nan
476875243,nan,nan
476883576,nan,nan
476891909,nan,nan
476900243,nan,nan
476908576,nan,nan
476916910,nan,nan
476925243,nan,nan
476933576,nan,nan
476941909,nan,nan
476950243,nan,nan
476958578,nan,nan
476966913,nan,nan
476975246,nan,nan
476983579,nan,nan
476991912,nan,nan
477000246,nan,nan
477008579,nan,nan
477016913,nan,nan
477025246,nan,nan
477033579,nan,nan
477041912,nan,nan
477050246,nan,nan
477058579,nan,nan
477066913,nan,nan
477075246,nan,nan
477083579,nan,nan
477091914,nan,nan
477100250,nan,nan
477108583,nan,nan
477116917,nan,nan
477125250,nan,nan
477133583,nan,nan
477141916,nan,nan
477150250,nan,nan
477158583,nan,nan
477166917,nan,nan
477175250,nan,nan
477183583,nan,nan
477191916,nan,nan
477200250,nan,nan
477208584,nan,nan
477216918,nan,nan
477225251,nan,nan
477233585,nan,nan
477241918,nan,nan
477250252,nan,nan
477258585,nan,nan
477266918,nan,nan
477275251,nan,nan
477283585,nan,nan
477291918,nan,nan
477300252,nan,nan
477308585,nan,nan
477316919,nan,nan
477325252,nan,nan
477333585,nan,nan
477341921,nan,nan
477350257,nan,nan
477358590,nan,nan
477366924,nan,nan
477375257,nan,nan
477383590,nan,nan
477391923,nan,nan
477400257,nan,nan
477408590,nan,nan
477416923,nan,nan
477425256,nan,nan
477433590,nan,nan
477441923,nan,nan
477450257,nan,nan
477458590,nan,nan
477466923,nan,nan
477475258,nan,nan
477483593,nan,nan
477491926,nan,nan
477500260,nan,nan
477508593,nan,nan
477516926,nan,nan
477525259,nan,nan
477533593,nan,nan
477541926,nan,nan
477550260,nan,nan
477558593,nan,nan
477566926,nan,nan
477575259,nan,nan
477583593,nan,nan
477591926,nan,nan
477600260,nan,nan
477608594,nan,nan
477616929,nan,nan
477625262,nan,nan
477633596,nan,nan
477641929,nan,nan
477650263,nan,nan
477658596,nan,nan
477666929,nan,nan
477675262,nan,nan
477683596,nan,nan
477691929,nan,nan
477700263,nan,nan
477708596,nan,nan
477716929,nan,nan
477725262,nan,nan
477733596,nan,nan
477741931,nan,nan
477750266,nan,nan
477758599,nan,nan
477766933,nan,nan
477775266,nan,nan
477783600,nan,nan
477791933,nan,nan
477800266,nan,nan
477808599,nan,nan
477816933,nan,nan
477825266,nan,nan
477833600,nan,nan
477841933,nan,nan
477850267,nan,nan
477858600,nan,nan
477866933,nan,nan
477875268,nan,nan
477883603,nan,nan
477891936,nan,nan
477900270,nan,nan
477908603,nan,nan
477916936,nan,nan
477925269,nan,nan
477933603,nan,nan
477941936,nan,nan
477950269,nan,nan
477958602,nan,nan
477966936,nan,nan
477975269,nan,nan
477983603,nan,nan
477991936,nan,nan
478000269,nan,nan
478008604,nan,nan
478016940,nan,nan
478025273,nan,nan
478033607,nan,nan
478041940,nan,nan
478050273,nan,nan
478058606,nan,nan
478066940,nan,nan
478075273,nan,nan
478083607,nan,nan
478091940,nan,nan
478100273,nan,nan
478108606,nan,nan
478116940,nan,nan
478125273,nan,nan
478133607,nan,nan
478141940,nan,nan
478150273,nan,nan
478158606,nan,nan
478166940,nan,nan
478175273,nan,nan
478183607,nan,nan
478191940,nan,nan
478200273,nan,nan
478208606,nan,nan
478216940,nan,nan
478225273,nan,nan
478233607,nan,nan
478241940,nan,nan
478250273,nan,nan
478258610,nan,nan
478266947,nan,nan
478275280,nan,nan
478283613,nan,nan
478291946,nan,nan
478300280,nan,nan
478308613,nan,nan
478316947,nan,nan
478325280,nan,nan
478333613,nan,nan
478341946,nan,nan
478350280,nan,nan
478358613,nan,nan
478366947,nan,nan
478375280,nan,nan
478383614,nan,nan
478391949,nan,nan
478400285,nan,nan
478408618,nan,nan
478416952,nan,nan
478425285,nan,nan
478433619,nan,nan
478441952,nan,nan
478450285,nan,nan
478458618,nan,nan
478466952,nan,nan
478475285,nan,nan
478483618,nan,nan
478491951,nan,nan
478500285,nan,nan
478508618,nan,nan
478516952,nan,nan
478525285,nan,nan
478533619,nan,nan
478541952,nan,nan
478550286,nan,nan
478558619,nan,nan
478566953,nan,nan
478575286,nan,nan
478583619,nan,nan
478591952,nan,nan
478600286,nan,nan
478608619,nan,nan
478616953,nan,nan
478625286,nan,nan
478633619,nan,nan
478641952,nan,nan
478650286,nan,nan
478658621,nan,nan
478666956,nan,nan
478675289,nan,nan
478683622,nan,nan
478691955,nan,nan
478700289,nan,nan
478708622,nan,nan
478716956,nan,nan
478725289,nan,nan
478733622,nan,nan
478741955,nan,nan
478750289,nan,nan
478758622,nan,nan
478766956,nan,nan
478775289,nan,nan
478783622,nan,nan
478791957,nan,nan
478800293,nan,nan
478808626,nan,nan
478816959,nan,nan
478825292,nan,nan
478833626,nan,nan
478841959,nan,nan
478850293,nan,nan
478858626,nan,nan
478866959,nan,nan
478875292,nan,nan
478883626,nan,nan
478891959,nan,nan
478900293,nan,nan
478908626,nan,nan
478916960,nan,nan
478925294,nan,nan
478933629,nan,nan
478941962,nan,nan
478950296,nan,nan
478958629,nan,nan
478966963,nan,nan
478975296,nan,nan
478983629,nan,nan
478991962,nan,nan
479000296,nan,nan
479008629,nan,nan
479016962,nan,nan
479025295,nan,nan
479033629,nan,nan
479041962,nan,nan
479050296,nan,nan
479058630,nan,nan
479066965,nan,nan
479075298,nan,nan
479083632,nan,nan
479091965,nan,nan
479100299,nan,nan
479108632,nan,nan
479116965,nan,nan
479125298,nan,nan
479133632,nan,nan
479141965,nan,nan
479150299,nan,nan
479158632,nan,nan
479166965,nan,nan
479175299,nan,nan
479183633,nan,nan
479191966,nan,nan
479200300,nan,nan
479208633,nan,nan
479216966,nan,nan
479225299,nan,nan
479233633,nan,nan
479241966,nan,nan
479250300,nan,nan
479258633,nan,nan
479266966,nan,nan
479275299,nan,nan
479283633,nan,nan
479291966,nan,nan
479300300,nan,nan
479308636,nan,nan
479316972,nan,nan
479325305,nan,nan
479333639,nan,nan
479341972,nan,nan
479350305,nan,nan
479358638,nan,nan
479366972,nan,nan
479375305,nan,nan
479383639,nan,nan
479391972,nan,nan
479400305,nan,nan
479408638,nan,nan
479416972,nan,nan
479425305,nan,nan
479433639,nan,nan
479441974,nan,nan
479450310,nan,nan
479458643,nan,nan
479466976,nan,nan
479475309,nan,nan
479483643,nan,nan
479491976,nan,nan
479500310,nan,nan
479508643,nan,nan
479516976,nan,nan
479525309,nan,nan
479533643,nan,nan
479541976,nan,nan
479550309,nan,nan
479558642,nan,nan
479566976,nan,nan
479575310,nan,nan
479583645,nan,nan
479591978,nan,nan
479600311,nan,nan
479608644,nan,nan
479616978,nan,nan
479625311,nan,nan
479633645,nan,nan
479641978,nan,nan
479650311,nan,nan
479658644,nan,nan
479666978,nan,nan
479675311,nan,nan
479683645,nan,nan
479691978,nan,nan
479700311,nan,nan
479708646,nan,nan
479716982,nan,nan
479725315,nan,nan
479733649,nan,nan
479741982,nan,nan
479750315,nan,nan
479758648,nan,nan
479766982,nan,nan
479775315,nan,nan
479783649,nan,nan
479791982,nan,nan
479800315,nan,nan
479808648,nan,nan
479816982,nan,nan
479825315,nan,nan
479833649,nan,nan
479841984,nan,nan
479850319,nan,nan
479858652,nan,nan
479866986,nan,nan
479875319,nan,nan
479883652,nan,nan
479891985,nan,nan
479900319,nan,nan
479908652,nan,nan
479916986,nan,nan
479925319,nan,nan
479933652,nan,nan
479941985,nan,nan
479950319,nan,nan
479958653,nan,nan
479966988,nan,nan
479975321,nan,nan
479983655,nan,nan
479991988,nan,nan
480000321,nan,nan
480008654,nan,nan
480016988,nan,nan
480025321,nan,nan
480033655,nan,nan
480041988,nan,nan
480050321,nan,nan
480058654,nan,nan
480066988,nan,nan
480075321,nan,nan
480083654,nan,nan
480091988,nan,nan
480100323,nan,nan
480108656,nan,nan
480116990,nan,nan
480125323,nan,nan
480133656,nan,nan
480141989,nan,nan
480150323,nan,nan
480158656,nan,nan
480166990,nan,nan
480175323,nan,nan
480183656,nan,nan
480191989,nan,nan
480200323,nan,nan
480208656,nan,nan
480216990,nan,nan
480225326,nan,nan
480233662,nan,nan
480241995,nan,nan
480250329,nan,nan
480258662,nan,nan
480266996,nan,nan
480275329,nan,nan
480283662,nan,nan
480291995,nan,nan
480300329,nan,nan
480308662,nan,nan
480316996,nan,nan
480325329,nan,nan
480333662,nan,nan
480341995,nan,nan
480350329,nan,nan
480358663,nan,nan
480366998,nan,nan
480375331,nan,nan
480383664,nan,nan
480391997,nan,nan
480400331,nan,nan
480408664,nan,nan
480416997,nan,nan
480425330,nan,nan
480433664,nan,nan
480441997,nan,nan
480450331,nan,nan
480458664,nan,nan
480466997,nan,nan
480475330,nan,nan
480483664,nan,nan
480492000,nan,nan
480500336,nan,nan
480508669,nan,nan
480517003,nan,nan
480525336,nan,nan
480533669,nan,nan
480542002,nan,nan
480550336,nan,nan
480558669,nan,nan
480567003,nan,nan
480575336,nan,nan
480583669,nan,nan
480592002,nan,nan
480600336,nan,nan
480608669,nan,nan
480617002,nan,nan
480625338,nan,nan
480633674,nan,nan
480642007,nan,nan
480650341,nan,nan
480658674,nan,nan
480667007,nan,nan
480675340,nan,nan
480683674,nan,nan
480692007,nan,nan
480700341,nan,nan
480708674,nan,nan
480717007,nan,nan
480725340,nan,nan
480733674,nan,nan
480742007,nan,nan
480750341,nan,nan
480758674,nan,nan
480767008,nan,nan
480775341,nan,nan
480783675,nan,nan
480792008,nan,nan
480800342,nan,nan
480808675,nan,nan
480817008,nan,nan
480825341,nan,nan
480833675,nan,nan
480842008,nan,nan
480850342,nan,nan
480858675,nan,nan
480867008,nan,nan
480875341,nan,nan
480883675,nan,nan
480892010,nan,nan
480900346,nan,nan
480908679,nan,nan
480917012,nan,nan
480925345,nan,nan
480933679,nan,nan
480942012,nan,nan
480950345,nan,nan
480958678,nan,nan
480967012,nan,nan
480975345,nan,nan
480983679,nan,nan
480992012,nan,nan
481000345,nan,nan
481008679,nan,nan
481017013,nan,nan
481025346,nan,nan
481033680,nan,nan
481042013,nan,nan
481050347,nan,nan
481058680,nan,nan
481067013,nan,nan
481075346,nan,nan
481083680,nan,nan
481092013,nan,nan
481100347,nan,nan
481108680,nan,nan
481117013,nan,nan
481125346,nan,nan
481133680,nan,nan
481142015,nan,nan
481150351,nan,nan
481158684,nan,nan
481167018,nan,nan
481175351,nan,nan
481183685,nan,nan
481192018,nan,nan
481200351,nan,nan
481208684,nan,nan
481217018,nan,nan
481225351,nan,nan
481233685,nan,nan
481242018,nan,nan
481250351,nan,nan
481258684,nan,nan
481267018,nan,nan
481275353,nan,nan
481283689,nan,nan
481292022,nan,nan
481300355,nan,nan
481308688,nan,nan
481317022,nan,nan
481325355,nan,nan
481333689,nan,nan
481342022,nan,nan
481350355,nan,nan
481358688,nan,nan
481367022,nan,nan
481375355,nan,nan
481383689,nan,nan
481392022,nan,nan
481400355,nan,nan
481408690,nan,nan
481417026,nan,nan
481425359,nan,nan
481433693,nan,nan
481442026,nan,nan
481450359,nan,nan
481458692,nan,nan
481467026,nan,nan
481475359,nan,nan
481483692,nan,nan
481492025,nan,nan
481500359,nan,nan
481508692,nan,nan
481517026,nan,nan
481525359,nan,nan
481533692,nan,nan
481542027,nan,nan
481550362,nan,nan
481558695,nan,nan
481567029,nan,nan
481575362,nan,nan
481583696,nan,nan
481592029,nan,nan
481600362,nan,nan
481608695,nan,nan
481617029,nan,nan
481625362,nan,nan
481633696,nan,nan
481642029,nan,nan
481650362,nan,nan
481658695,nan,nan
481667029,nan,nan
481675363,nan,nan
481683698,nan,nan
481692031,nan,nan
481700365,nan,nan
481708698,nan,nan
481717032,nan,nan
481725365,nan,nan
481733698,nan,nan
481742031,nan,nan
481750365,nan,nan
481758698,nan,nan
481767032,nan,nan
481775365,nan,nan
481783698,nan,nan
481792031,nan,nan
481800365,nan,nan
481808700,nan,nan
481817035,nan,nan
481825368,nan,nan
481833701,nan,nan
481842034,nan,nan
481850368,nan,nan
481858701,nan,nan
481867035,nan,nan
481875368,nan,nan
481883701,nan,nan
481892034,nan,nan
481900368,nan,nan
481908701,nan,nan
481917035,nan,nan
481925369,nan,nan
481933703,nan,nan
481942036,nan,nan
481950370,nan,nan
481958703,nan,nan
481967037,nan,nan
481975370,nan,nan
481983703,nan,nan
481992036,nan,nan
482000370,nan,nan
482008703,nan,nan
482017036,nan,nan
482025369,nan,nan
482033703,nan,nan
482042036,nan,nan
482050370,nan,nan
482058705,nan,nan
482067041,nan,nan
482075374,nan,nan
482083708,nan,nan
482092041,nan,nan
482100375,nan,nan
482108708,nan,nan
482117042,nan,nan
482125375,nan,nan
482133708,nan,nan
482142041,nan,nan
482150375,nan,nan
482158708,nan,nan
482167042,nan,nan
482175375,nan,nan
482183708,nan,nan
482192043,nan,nan
482200378,nan,nan
482208711,nan,nan
482217044,nan,nan
482225377,nan,nan
482233711,nan,nan
482242044,nan,nan
482250378,nan,nan
482258711,nan,nan
482267044,nan,nan
482275377,nan,nan
482283711,nan,nan
482292044,nan,nan
482300378,nan,nan
482308711,nan,nan
482317044,nan,nan
482325379,nan,nan
482333715,nan,nan
482342048,nan,nan
482350382,nan,nan
482358715,nan,nan
482367048,nan,nan
482375381,nan,nan
482383715,nan,nan
482392048,nan,nan
482400382,nan,nan
482408715,nan,nan
482417048,nan,nan
482425381,nan,nan
482433715,nan,nan
482442048,nan,nan
482450382,nan,nan
482458717,nan,nan
482467052,nan,nan
482475385,nan,nan
482483719,nan,nan
482492052,nan,nan
482500386,nan,nan
482508719,nan,nan
482517052,nan,nan
482525385,nan,nan
482533719,nan,nan
482542052,nan,nan
482550385,nan,nan
482558718,nan,nan
482567052,nan,nan
482575385,nan,nan
482583719,nan,nan
482592053,nan,nan
482600388,nan,nan
482608721,nan,nan
482617055,nan,nan
482625388,nan,nan
482633722,nan,nan
482642055,nan,nan
482650389,nan,nan
482658722,nan,nan
482667055,nan,nan
482675388,nan,nan
482683722,nan,nan
482692055,nan,nan
482700389,nan,nan
482708722,nan,nan
482717055,nan,nan
482725390,nan,nan
482733725,nan,nan
482742058,nan,nan
482750391,nan,nan
482758724,nan,nan
482767058,nan,nan
482775391,nan,nan
482783725,nan,nan
482792058,nan,nan
482800391,nan,nan
482808724,nan,nan
482817058,nan,nan
482825391,nan,nan
482833725,nan,nan
482842058,nan,nan
482850391,nan,nan
482858726,nan,nan
482867062,nan,nan
482875395,nan,nan
482883729,nan,nan
482892062,nan,nan
482900395,nan,nan
482908728,nan,nan
482917062,nan,nan
482925395,nan,nan
482933729,nan,nan
482942062,nan,nan
482950395,nan,nan
482958728,nan,nan
482967062,nan,nan
482975396,nan,nan
482983730,nan,nan
482992063,nan,nan
483000396,nan,nan
483008729,nan,nan
483017063,nan,nan
483025396,nan,nan
483033730,nan,nan
483042063,nan,nan
483050396,nan,nan
483058729,nan,nan
483067063,nan,nan
483075396,nan,nan
483083729,nan,nan
483092062,nan,nan
483100396,nan,nan
483108732,nan,nan
483117069,nan,nan
483125402,nan,nan
483133735,nan,nan
483142068,nan,nan
483150402,nan,nan
483158735,nan,nan
483167069,nan,nan
483175402,nan,nan
483183736,nan,nan
483192069,nan,nan
483200402,nan,nan
483208735,nan,nan
483217069,nan,nan
483225402,nan,nan
483233736,nan,nan
483242070,nan,nan
483250405,nan,nan
483258738,nan,nan
483267072,nan,nan
483275405,nan,nan
483283738,nan,nan
483292071,nan,nan
483300405,nan,nan
483308738,nan,nan
483317072,nan,nan
483325405,nan,nan
483333738,nan,nan
483342071,nan,nan
483350405,nan,nan
483358738,nan,nan
483367072,nan,nan
483375405,nan,nan
483383738,nan,nan
483392071,nan,nan
483400405,nan,nan
483408738,nan,nan
483417072,nan,nan
483425405,nan,nan
483433738,nan,nan
483442071,nan,nan
483450405,nan,nan
483458738,nan,nan
483467072,nan,nan
483475405,nan,nan
483483738,nan,nan
483492071,nan,nan
483500405,nan,nan
483508741,nan,nan
483517078,nan,nan
483525411,nan,nan
483533744,nan,nan
483542077,nan,nan
483550411,nan,nan
483558744,nan,nan
483567078,nan,nan
483575411,nan,nan
483583744,nan,nan
483592077,nan,nan
483600411,nan,nan
483608744,nan,nan
483617077,nan,nan
483625410,nan,nan
483633744,nan,nan
483642079,nan,nan
483650415,nan,nan
483658748,nan,nan
483667081,nan,nan
483675414,nan,nan
483683748,nan,nan
483692081,nan,nan
483700415,nan,nan
483708748,nan,nan
483717082,nan,nan
483725415,nan,nan
483733748,nan,nan
483742081,nan,nan
483750415,nan,nan
483758748,nan,nan
483767082,nan,nan
483775416,nan,nan
483783751,nan,nan
483792084,nan,nan
483800418,nan,nan
483808751,nan,nan
483817084,nan,nan
483825417,nan,nan
483833751,nan,nan
483842084,nan,nan
483850418,nan,nan
483858751,nan,nan
483867084,nan,nan
483875417,nan,nan
483883751,nan,nan
483892085,nan,nan
483900420,nan,nan
483908753,nan,nan
483917086,nan,nan
483925419,nan,nan
483933753,nan,nan
483942086,nan,nan
483950420,nan,nan
483958753,nan,nan
483967086,nan,nan
483975419,nan,nan
483983753,nan,nan
483992086,nan,nan
484000420,nan,nan
484008753,nan,nan
484017086,nan,nan
484025422,nan,nan
484033758,nan,nan
484042091,nan,nan
484050425,nan,nan
484058758,nan,nan
484067091,nan,nan
484075424,nan,nan
484083758,nan,nan
484092091,nan,nan
484100425,nan,nan
484108758,nan,nan
484117091,nan,nan
484125424,nan,nan
484133758,nan,nan
484142091,nan,nan
484150424,nan,nan
484158759,nan,nan
484167095,nan,nan
484175428,nan,nan
484183762,nan,nan
484192095,nan,nan
484200428,nan,nan
484208761,nan,nan
484217095,nan,nan
484225428,nan,nan
484233762,nan,nan
484242095,nan,nan
484250429,nan,nan
484258762,nan,nan
484267095,nan,nan
484275428,nan,nan
484283762,nan,nan
484292097,nan,nan
484300432,nan,nan
484308765,nan,nan
484317098,nan,nan
484325431,nan,nan
484333765,nan,nan
484342098,nan,nan
484350431,nan,nan
484358764,nan,nan
484367098,nan,nan
484375431,nan,nan
484383765,nan,nan
484392098,nan,nan
484400431,nan,nan
484408764,nan,nan
484417098,nan,nan
484425433,nan,nan
484433768,nan,nan
484442101,nan,nan
484450434,nan,nan
484458767,nan,nan
484467101,nan,nan
484475434,nan,nan
484483768,nan,nan
484492101,nan,nan
484500434,nan,nan
484508767,nan,nan
484517101,nan,nan
484525434,nan,nan
484533768,nan,nan
484542101,nan,nan
484550434,nan,nan
484558769,nan,nan
484567104,nan,nan
484575437,nan,nan
484583771,nan,nan
484592104,nan,nan
484600437,nan,nan
484608770,nan,nan
484617104,nan,nan
484625437,nan,nan
484633771,nan,nan
484642104,nan,nan
484650437,nan,nan
484658770,nan,nan
484667104,nan,nan
484675437,nan,nan
484683770,nan,nan
484692105,nan,nan
484700441,nan,nan
484708774,nan,nan
484717108,nan,nan
484725441,nan,nan
484733774,nan,nan
484742107,nan,nan
484750441,nan,nan
484758774,nan,nan
484767108,nan,nan
484775441,nan,nan
484783775,nan,nan
484792108,nan,nan
484800441,nan,nan
484808774,nan,nan
484817108,nan,nan
484825443,nan,nan
484833778,nan,nan
484842111,nan,nan
484850444,nan,nan
484858777,nan,nan
484867111,nan,nan
484875444,nan,nan
484883777,nan,nan
484892110,nan,nan
484900444,nan,nan
484908777,nan,nan
484917111,nan,nan
484925444,nan,nan
484933777,nan,nan
484942111,nan,nan
484950446,nan,nan
484958779,nan,nan
484967113,nan,nan
484975446,nan,nan
484983779,nan,nan
484992112,nan,nan
485000446,nan,nan
485008779,nan,nan
485017113,nan,nan
485025446,nan,nan
485033779,nan,nan
485042112,nan,nan
485050446,nan,nan
485058779,nan,nan
485067113,nan,nan
485075449,nan,nan
485083785,nan,nan
485092118,nan,nan
485100452,nan,nan
485108785,nan,nan
485117119,nan,nan
485125452,nan,nan
485133785,nan,nan
485142118,nan,nan
485150452,nan,nan
485158785,nan,nan
485167119,nan,nan
485175452,nan,nan
485183785,nan,nan
485192118,nan,nan
485200452,nan,nan
485208786,nan,nan
485217120,nan,nan
485225453,nan,nan
485233787,nan,nan
485242120,nan,nan
485250454,nan,nan
485258787,nan,nan
485267120,nan,nan
485275453,nan,nan
485283787,nan,nan
485292120,nan,nan
485300454,nan,nan
485308787,nan,nan
485317121,nan,nan
485325454,nan,nan
485333787,nan,nan
485342122,nan,nan
485350458,nan,nan
485358791,nan,nan
485367125,nan,nan
485375458,nan,nan
485383791,nan,nan
485392124,nan,nan
485400458,nan,nan
485408791,nan,nan
485417124,nan,nan
485425457,nan,nan
485433791,nan,nan
485442124,nan,nan
485450458,nan,nan
485458791,nan,nan
485467124,nan,nan
485475459,nan,nan
485483794,nan,nan
485492127,nan,nan
485500461,nan,nan
485508794,nan,nan
485517127,nan,nan
485525460,nan,nan
485533794,nan,nan
485542127,nan,nan
485550461,nan,nan
485558794,nan,nan
485567127,nan,nan
485575460,nan,nan
485583794,nan,nan
485592127,nan,nan
485600461,nan,nan
485608795,nan,nan
485617130,nan,nan
485625463,nan,nan
485633797,nan,nan
485642130,nan,nan
485650464,nan,nan
485658797,nan,nan
485667130,nan,nan
485675463,nan,nan
485683797,nan,nan
485692130,nan,nan
485700464,nan,nan
485708797,nan,nan
485717130,nan,nan
485725463,nan,nan
485733797,nan,nan
485742131,nan,nan
485750466,nan,nan
485758799,nan,nan
485767133,nan,nan
485775466,nan,nan
485783800,nan,nan
485792133,nan,nan
485800466,nan,nan
485808799,nan,nan
485817133,nan,nan
485825466,nan,nan
485833800,nan,nan
485842133,nan,nan
485850467,nan,nan
485858801,nan,nan
485867136,nan,nan
485875469,nan,nan
485883803,nan,nan
485892136,nan,nan
485900470,nan,nan
485908803,nan,nan
485917136,nan,nan
485925469,nan,nan
485933803,nan,nan
485942136,nan,nan
485950469,nan,nan
485958802,nan,nan
485967136,nan,nan
485975469,nan,nan
485983803,nan,nan
485992138,nan,nan
486000474,nan,nan
486008807,nan,nan
486017141,nan,nan
486025474,nan,nan
486033808,nan,nan
486042141,nan,nan
486050474,nan,nan
486058807,nan,nan
486067141,nan,nan
486075474,nan,nan
486083808,nan,nan
486092141,nan,nan
486100474,nan,nan
486108807,nan,nan
486117141,nan,nan
486125476,nan,nan
486133811,nan,nan
486142144,nan,nan
486150477,nan,nan
486158810,nan,nan
486167144,nan,nan
486175477,nan,nan
486183811,nan,nan
486192144,nan,nan
486200477,nan,nan
486208810,nan,nan
486217144,nan,nan
486225477,nan,nan
486233811,nan,nan
486242144,nan,nan
486250477,nan,nan
486258812,nan,nan
486267147,nan,nan
486275480,nan,nan
486283813,nan,nan
486292146,nan,nan
486300480,nan,nan
486308813,nan,nan
486317147,nan,nan
486325480,nan,nan
486333813,nan,nan
486342146,nan,nan
486350480,nan,nan
486358813,nan,nan
486367147,nan,nan
486375480,nan,nan
486383814,nan,nan
486392149,nan,nan
486400485,nan,nan
486408818,nan,nan
486417152,nan,nan
486425485,nan,nan
486433819,nan,nan
486442152,nan,nan
486450485,nan,nan
486458818,nan,nan
486467152,nan,nan
486475485,nan,nan
486483818,nan,nan
486492151,nan,nan
486500485,nan,nan
486508818,nan,nan
486517152,nan,nan
486525485,nan,nan
486533819,nan,nan
486542152,nan,nan
486550486,nan,nan
486558819,nan,nan
486567153,nan,nan
486575486,nan,nan
486583819,nan,nan
486592152,nan,nan
486600486,nan,nan
486608819,nan,nan
486617153,nan,nan
486625486,nan,nan
486633819,nan,nan
486642152,nan,nan
486650486,nan,nan
486658822,nan,nan
486667158,nan,nan
486675491,nan,nan
486683824,nan,nan
486692157,nan,nan
486700491,nan,nan
486708824,nan,nan
486717158,nan,nan
486725491,nan,nan
486733824,nan,nan
486742157,nan,nan
486750491,nan,nan
486758824,nan,nan
486767158,nan,nan
486775492,nan,nan
486783826,nan,nan
486792159,nan,nan
486800493,nan,nan
486808826,nan,nan
486817159,nan,nan
486825492,nan,nan
486833826,nan,nan
486842159,nan,nan
486850493,nan,nan
486858826,nan,nan
486867159,nan,nan
486875492,nan,nan
486883826,nan,nan
486892159,nan,nan
486900493,nan,nan
486908827,nan,nan
486917162,nan,nan
486925495,nan,nan
486933828,nan,nan
486942161,nan,nan
486950495,nan,nan
486958828,nan,nan
486967162,nan,nan
486975495,nan,nan
486983828,nan,nan
486992161,nan,nan
487000495,nan,nan
487008828,nan,nan
487017161,nan,nan
487025494,nan,nan
487033828,nan,nan
487042164,nan,nan
487050501,nan,nan
487058834,nan,nan
487067167,nan,nan
487075500,nan,nan
487083834,nan,nan
487092167,nan,nan
487100501,nan,nan
487108834,nan,nan
487117167,nan,nan
487125500,nan,nan
487133834,nan,nan
487142167,nan,nan
487150501,nan,nan
487158834,nan,nan
487167167,nan,nan
487175501,nan,nan
487183836,nan,nan
487192169,nan,nan
487200503,nan,nan
487208836,nan,nan
487217169,nan,nan
487225502,nan,nan
487233836,nan,nan
487242169,nan,nan
487250503,nan,nan
487258836,nan,nan
487267169,nan,nan
487275502,nan,nan
487283836,nan,nan
487292169,nan,nan
487300503,nan,nan
487308838,nan,nan
487317173,nan,nan
487325506,nan,nan
487333840,nan,nan
487342173,nan,nan
487350506,nan,nan
487358839,nan,nan
487367173,nan,nan
487375506,nan,nan
487383840,nan,nan
487392173,nan,nan
487400506,nan,nan
487408839,nan,nan
487417173,nan,nan
487425506,nan,nan
487433840,nan,nan
487442175,nan,nan
487450511,nan,nan
487458844,nan,nan
487467177,nan,nan
487475510,nan,nan
487483844,nan,nan
487492177,nan,nan
487500511,nan,nan
487508844,nan,nan
487517177,nan,nan
487525510,nan,nan
487533844,nan,nan
487542177,nan,nan
487550510,nan,nan
487558843,nan,nan
487567177,nan,nan
487575512,nan,nan
487583847,nan,nan
487592180,nan,nan
487600513,nan,nan
487608846,nan,nan
487617180,nan,nan
487625513,nan,nan
487633847,nan,nan
487642180,nan,nan
487650513,nan,nan
487658846,nan,nan
487667180,nan,nan
487675513,nan,nan
487683847,nan,nan
487692180,nan,nan
487700513,nan,nan
487708847,nan,nan
487717182,nan,nan
487725515,nan,nan
487733849,nan,nan
487742182,nan,nan
487750515,nan,nan
487758848,nan,nan
487767182,nan,nan
487775515,nan,nan
487783849,nan,nan
487792182,nan,nan
487800515,nan,nan
487808848,nan,nan
487817182,nan,nan
487825518,nan,nan
487833854,nan,nan
487842187,nan,nan
487850520,nan,nan
487858853,nan,nan
487867187,nan,nan
487875520,nan,nan
487883853,nan,nan
487892186,nan,nan
487900520,nan,nan
487908853,nan,nan
487917187,nan,nan
487925520,nan,nan
487933853,nan,nan
487942186,nan,nan
487950520,nan,nan
487958855,nan,nan
487967191,nan,nan
487975524,nan,nan
487983858,nan,nan
487992191,nan,nan
488000524,nan,nan
488008857,nan,nan
488017191,nan,nan
488025524,nan,nan
488033858,nan,nan
488042191,nan,nan
488050524,nan,nan
488058857,nan,nan
488067191,nan,nan
488075524,nan,nan
488083857,nan,nan
488092192,nan,nan
488100527,nan,nan
488108860,nan,nan
488117194,nan,nan
488125527,nan,nan
488133860,nan,nan
488142193,nan,nan
488150527,nan,nan
488158860,nan,nan
488167194,nan,nan
488175527,nan,nan
488183860,nan,nan
488192193,nan,nan
488200527,nan,nan
488208860,nan,nan
488217194,nan,nan
488225528,nan,nan
488233862,nan,nan
488242195,nan,nan
488250529,nan,nan
488258862,nan,nan
488267196,nan,nan
488275529,nan,nan
488283862,nan,nan
488292195,nan,nan
488300529,nan,nan
488308862,nan,nan
488317196,nan,nan
488325529,nan,nan
488333862,nan,nan
488342195,nan,nan
488350529,nan,nan
488358865,nan,nan
488367201,nan,nan
488375534,nan,nan
488383867,nan,nan
488392200,nan,nan
488400534,nan,nan
488408867,nan,nan
488417200,nan,nan
488425533,nan,nan
488433867,nan,nan
488442200,nan,nan
488450534,nan,nan
488458867,nan,nan
488467200,nan,nan
488475533,nan,nan
488483867,nan,nan
488492202,nan,nan
488500537,nan,nan
488508870,nan,nan
488517204,nan,nan
488525537,nan,nan
488533870,nan,nan
488542203,nan,nan
488550537,nan,nan
488558870,nan,nan
488567204,nan,nan
488575537,nan,nan
488583870,nan,nan
488592203,nan,nan
488600537,nan,nan
488608870,nan,nan
488617203,nan,nan
488625538,nan,nan
488633873,nan,nan
488642206,nan,nan
488650540,nan,nan
488658873,nan,nan
488667206,nan,nan
488675539,nan,nan
488683873,nan,nan
488692206,nan,nan
488700540,nan,nan
488708873,nan,nan
488717206,nan,nan
488725539,nan,nan
488733873,nan,nan
488742206,nan,nan
488750540,nan,nan
488758873,nan,nan
488767206,nan,nan
488775539,nan,nan
488783873,nan,nan
488792206,nan,nan
488800540,nan,nan
488808873,nan,nan
488817206,nan,nan
488825539,nan,nan
488833873,nan,nan
488842206,nan,nan
488850540,nan,nan
488858873,nan,nan
488867206,nan,nan
488875543,nan,nan
488883880,nan,nan
488892213,nan,nan
488900547,nan,nan
488908880,nan,nan
488917213,nan,nan
488925546,nan,nan
488933880,nan,nan
488942213,nan,nan
488950546,nan,nan
488958879,nan,nan
488967213,nan,nan
488975546,nan,nan
488983880,nan,nan
488992213,nan,nan
489000546,nan,nan
489008881,nan,nan
489017216,nan,nan
489025549,nan,nan
489033883,nan,nan
489042216,nan,nan
489050550,nan,nan
489058883,nan,nan
489067216,nan,nan
489075549,nan,nan
489083883,nan,nan
489092216,nan,nan
489100550,nan,nan
489108883,nan,nan
489117216,nan,nan
489125549,nan,nan
489133883,nan,nan
489142218,nan,nan
489150553,nan,nan
489158886,nan,nan
489167220,nan,nan
489175553,nan,nan
489183887,nan,nan
489192220,nan,nan
489200553,nan,nan
489208886,nan,nan
489217220,nan,nan
489225553,nan,nan
489233887,nan,nan
489242220,nan,nan
489250553,nan,nan
489258886,nan,nan
489267220,nan,nan
489275555,nan,nan
489283890,nan,nan
489292223,nan,nan
489300556,nan,nan
489308889,nan,nan
489317223,nan,nan
489325556,nan,nan
489333890,nan,nan
489342223,nan,nan
489350556,nan,nan
489358889,nan,nan
489367223,nan,nan
489375556,nan,nan
489383890,nan,nan
489392223,nan,nan
489400556,nan,nan
489408891,nan,nan
489417226,nan,nan
489425559,nan,nan
489433893,nan,nan
489442226,nan,nan
489450559,nan,nan
489458892,nan,nan
489467226,nan,nan
489475559,nan,nan
489483892,nan,nan
489492225,nan,nan
489500559,nan,nan
489508892,nan,nan
489517226,nan,nan
489525559,nan,nan
489533892,nan,nan
489542227,nan,nan
489550563,nan,nan
489558896,nan,nan
489567230,nan,nan
489575563,nan,nan
489583897,nan,nan
489592230,nan,nan
489600563,nan,nan
489608896,nan,nan
489617230,nan,nan
489625563,nan,nan
489633897,nan,nan
489642230,nan,nan
489650563,nan,nan
489658896,nan,nan
489667230,nan,nan
489675563,nan,nan
489683896,nan,nan
489692229,nan,nan
489700563,nan,nan
489708896,nan,nan
489717230,nan,nan
489725563,nan,nan
489733896,nan,nan
489742229,nan,nan
489750563,nan,nan
489758896,nan,nan
489767230,nan,nan
489775563,nan,nan
489783896,nan,nan
489792232,nan,nan
489800568,nan,nan
489808901,nan,nan
489817235,nan,nan
489825568,nan,nan
489833901,nan,nan
489842234,nan,nan
489850568,nan,nan
489858901,nan,nan
489867235,nan,nan
489875568,nan,nan
489883901,nan,nan
489892234,nan,nan
489900568,nan,nan
489908901,nan,nan
489917235,nan,nan
489925570,nan,nan
489933906,nan,nan
489942239,nan,nan
489950573,nan,nan
489958906,nan,nan
489967240,nan,nan
489975573,nan,nan
489983906,nan,nan
489992239,nan,nan
490000573,nan,nan
490008906,nan,nan
490017239,nan,nan
490025572,nan,nan
490033906,nan,nan
490042239,nan,nan
490050573,nan,nan
490058907,nan,nan
490067242,nan,nan
490075575,nan,nan
490083909,nan,nan
490092242,nan,nan
490100576,nan,nan
490108909,nan,nan
490117243,nan,nan
490125576,nan,nan
490133909,nan,nan
490142242,nan,nan
490150576,nan,nan
490158909,nan,nan
490167243,nan,nan
490175576,nan,nan
490183909,nan,nan
490192244,nan,nan
490200580,nan,nan
490208913,nan,nan
490217246,nan,nan
490225579,nan,nan
490233913,nan,nan
490242246,nan,nan
490250580,nan,nan
490258913,nan,nan
490267246,nan,nan
490275579,nan,nan
490283913,nan,nan
490292246,nan,nan
490300580,nan,nan
490308913,nan,nan
490317246,nan,nan
490325581,nan,nan
490333916,nan,nan
490342249,nan,nan
490350583,nan,nan
490358916,nan,nan
490367249,nan,nan
490375582,nan,nan
490383916,nan,nan
490392249,nan,nan
490400583,nan,nan
490408916,nan,nan
490417249,nan,nan
490425582,nan,nan
490433916,nan,nan
490442249,nan,nan
490450583,nan,nan
490458917,nan,nan
490467252,nan,nan
490475585,nan,nan
490483919,nan,nan
490492252,nan,nan
490500586,nan,nan
490508919,nan,nan
490517252,nan,nan
490525585,nan,nan
490533919,nan,nan
490542252,nan,nan
490550585,nan,nan
490558918,nan,nan
490567252,nan,nan
490575585,nan,nan
490583919,nan,nan
490592254,nan,nan
490600589,nan,nan
490608922,nan,nan
490617256,nan,nan
490625589,nan,nan
490633923,nan,nan
490642256,nan,nan
490650590,nan,nan
490658923,nan,nan
490667256,nan,nan
490675589,nan,nan
490683923,nan,nan
490692256,nan,nan
490700590,nan,nan
490708924,nan,nan
490717259,nan,nan
490725592,nan,nan
490733926,nan,nan
490742259,nan,nan
490750592,nan,nan
490758925,nan,nan
490767259,nan,nan
490775592,nan,nan
490783926,nan,nan
490792259,nan,nan
490800592,nan,nan
490808925,nan,nan
490817259,nan,nan
490825592,nan,nan
490833926,nan,nan
490842260,nan,nan
490850595,nan,nan
490858928,nan,nan
490867262,nan,nan
490875595,nan,nan
490883929,nan,nan
490892262,nan,nan
490900595,nan,nan
490908928,nan,nan
490917262,nan,nan
490925595,nan,nan
490933929,nan,nan
490942262,nan,nan
490950595,nan,nan
490958928,nan,nan
490967262,nan,nan
490975597,nan,nan
490983933,nan,nan
490992266,nan,nan
491000599,nan,nan
491008932,nan,nan
491017266,nan,nan
491025599,nan,nan
491033933,nan,nan
491042266,nan,nan
491050599,nan,nan
491058932,nan,nan
491067266,nan,nan
491075599,nan,nan
491083932,nan,nan
491092265,nan,nan
491100599,nan,nan
491108934,nan,nan
491117269,nan,nan
491125602,nan,nan
491133935,nan,nan
491142268,nan,nan
491150602,nan,nan
491158935,nan,nan
491167269,nan,nan
491175602,nan,nan
491183936,nan,nan
491192269,nan,nan
491200602,nan,nan
491208935,nan,nan
491217269,nan,nan
491225602,nan,nan
491233936,nan,nan
491242271,nan,nan
491250606,nan,nan
491258939,nan,nan
491267273,nan,nan
491275606,nan,nan
491283939,nan,nan
491292272,nan,nan
491300606,nan,nan
491308939,nan,nan
491317273,nan,nan
491325606,nan,nan
491333939,nan,nan
491342272,nan,nan
491350606,nan,nan
491358939,nan,nan
491367273,nan,nan
491375608,nan,nan
491383943,nan,nan
491392276,nan,nan
491400610,nan,nan
491408943,nan,nan
491417277,nan,nan
491425610,nan,nan
491433943,nan,nan
491442276,nan,nan
491450610,nan,nan
491458943,nan,nan
491467277,nan,nan
491475610,nan,nan
491483943,nan,nan
491492276,nan,nan
491500610,nan,nan
491508944,nan,nan
491517279,nan,nan
491525612,nan,nan
491533945,nan,nan
491542278,nan,nan
491550612,nan,nan
491558945,nan,nan
491567279,nan,nan
491575612,nan,nan
491583945,nan,nan
491592278,nan,nan
491600612,nan,nan
491608945,nan,nan
491617278,nan,nan
491625612,nan,nan
491633947,nan,nan
491642280,nan,nan
491650614,nan,nan
491658947,nan,nan
491667280,nan,nan
491675613,nan,nan
491683947,nan,nan
491692280,nan,nan
491700614,nan,nan
491708947,nan,nan
491717281,nan,nan
491725614,nan,nan
491733947,nan,nan
491742280,nan,nan
491750614,nan,nan
491758949,nan,nan
491767285,nan,nan
491775618,nan,nan
491783951,nan,nan
491792284,nan,nan
491800618,nan,nan
491808951,nan,nan
491817284,nan,nan
491825617,nan,nan
491833951,nan,nan
491842284,nan,nan
491850618,nan,nan
491858951,nan,nan
491867284,nan,nan
491875617,nan,nan
491883951,nan,nan
491892286,nan,nan
491900622,nan,nan
491908955,nan,nan
491917288,nan,nan
491925621,nan,nan
491933955,nan,nan
491942288,nan,nan
491950622,nan,nan
491958955,nan,nan
491967288,nan,nan
491975621,nan,nan
491983955,nan,nan
491992288,nan,nan
492000622,nan,nan
492008955,nan,nan
492017288,nan,nan
492025623,nan,nan
492033959,nan,nan
492042292,nan,nan
492050626,nan,nan
492058959,nan,nan
492067292,nan,nan
492075625,nan,nan
492083959,nan,nan
492092292,nan,nan
492100626,nan,nan
492108959,nan,nan
492117292,nan,nan
492125625,nan,nan
492133959,nan,nan
492142292,nan,nan
492150625,nan,nan
492158959,nan,nan
492167294,nan,nan
492175627,nan,nan
492183961,nan,nan
492192294,nan,nan
492200627,nan,nan
492208960,nan,nan
492217294,nan,nan
492225627,nan,nan
492233961,nan,nan
492242294,nan,nan
492250628,nan,nan
492258961,nan,nan
492267294,nan,nan
492275627,nan,nan
492283961,nan,nan
492292297,nan,nan
492300633,nan,nan
492308966,nan,nan
492317299,nan,nan
492325632,nan,nan
492333966,nan,nan
492342299,nan,nan
492350632,nan,nan
492358965,nan,nan
492367299,nan,nan
492375632,nan,nan
492383966,nan,nan
492392299,nan,nan
492400632,nan,nan
492408966,nan,nan
492417300,nan,nan
492425633,nan,nan
492433967,nan,nan
492442300,nan,nan
492450633,nan,nan
492458966,nan,nan
492467300,nan,nan
492475633,nan,nan
492483967,nan,nan
492492300,nan,nan
492500633,nan,nan
492508966,nan,nan
492517300,nan,nan
492525633,nan,nan
492533967,nan,nan
492542300,nan,nan
492550633,nan,nan
492558969,nan,nan
492567306,nan,nan
492575639,nan,nan
492583973,nan,nan
492592306,nan,nan
492600639,nan,nan
492608972,nan,nan
492617306,nan,nan
492625639,nan,nan
492633973,nan,nan
492642306,nan,nan
492650639,nan,nan
492658972,nan,nan
492667306,nan,nan
492675639,nan,nan
492683972,nan,nan
492692305,nan,nan
492700639,nan,nan
492708972,nan,nan
492717306,nan,nan
492725639,nan,nan
492733972,nan,nan
492742305,nan,nan
492750639,nan,nan
492758972,nan,nan
492767306,nan,nan
492775639,nan,nan
492783973,nan,nan
492792306,nan,nan
492800639,nan,nan
492808975,nan,nan
492817312,nan,nan
492825645,nan,nan
492833979,nan,nan
492842312,nan,nan
492850645,nan,nan
492858978,nan,nan
492867312,nan,nan
492875645,nan,nan
492883978,nan,nan
492892311,nan,nan
492900645,nan,nan
492908978,nan,nan
492917312,nan,nan
492925645,nan,nan
492933978,nan,nan
492942313,nan,nan
492950649,nan,nan
492958982,nan,nan
492967316,nan,nan
492975649,nan,nan
492983982,nan,nan
492992315,nan,nan
493000649,nan,nan
493008982,nan,nan
493017316,nan,nan
493025649,nan,nan
493033982,nan,nan
493042315,nan,nan
493050649,nan,nan
493058982,nan,nan
493067316,nan,nan
493075650,nan,nan
493083984,nan,nan
493092317,nan,nan
493100651,nan,nan
493108984,nan,nan
493117318,nan,nan
493125651,nan,nan
493133984,nan,nan
493142317,nan,nan
493150651,nan,nan
493158984,nan,nan
493167318,nan,nan
493175651,nan,nan
493183984,nan,nan
493192317,nan,nan
493200651,nan,nan
493208986,nan,nan
493217321,nan,nan
493225654,nan,nan
493233988,nan,nan
493242321,nan,nan
493250655,nan,nan
493258988,nan,nan
493267321,nan,nan
493275654,nan,nan
493283988,nan,nan
493292321,nan,nan
493300655,nan,nan
493308988,nan,nan
493317322,nan,nan
493325655,nan,nan
493333988,nan,nan
493342323,nan,nan
493350659,nan,nan
493358992,nan,nan
493367326,nan,nan
493375659,nan,nan
493383992,nan,nan
493392325,nan,nan
493400659,nan,nan
493408992,nan,nan
493417325,nan,nan
493425658,nan,nan
493433992,nan,nan
493442325,nan,nan
493450659,nan,nan
493458992,nan,nan
493467325,nan,nan
493475660,nan,nan
493483995,nan,nan
493492328,nan,nan
493500662,nan,nan
493508995,nan,nan
493517328,nan,nan
493525661,nan,nan
493533995,nan,nan
493542328,nan,nan
493550662,nan,nan
493558995,nan,nan
493567328,nan,nan
493575661,nan,nan
493583995,nan,nan
493592330,nan,nan
493600665,nan,nan
493608998,nan,nan
493617331,nan,nan
493625664,nan,nan
493633998,nan,nan
493642331,nan,nan
493650665,nan,nan
493658998,nan,nan
493667331,nan,nan
493675664,nan,nan
493683998,nan,nan
493692331,nan,nan
493700665,nan,nan
493708998,nan,nan
493717331,nan,nan
493725667,nan,nan
493734003,nan,nan
493742336,nan,nan
493750669,nan,nan
493759002,nan,nan
493767336,nan,nan
493775669,nan,nan
493784003,nan,nan
493792336,nan,nan
493800669,nan,nan
493809002,nan,nan
493817336,nan,nan
493825669,nan,nan
493834003,nan,nan
493842336,nan,nan
493850670,nan,nan
493859004,nan,nan
493867338,nan,nan
493875671,nan,nan
493884005,nan,nan
493892338,nan,nan
493900672,nan,nan
493909005,nan,nan
493917338,nan,nan
493925671,nan,nan
493934005,nan,nan
493942338,nan,nan
493950671,nan,nan
493959004,nan,nan
493967338,nan,nan
493975671,nan,nan
493984005,nan,nan
493992340,nan,nan
494000675,nan,nan
494009008,nan,nan
494017342,nan,nan
494025675,nan,nan
494034009,nan,nan
494042342,nan,nan
494050675,nan,nan
494059008,nan,nan
494067342,nan,nan
494075675,nan,nan
494084009,nan,nan
494092342,nan,nan
494100675,nan,nan
494109008,nan,nan
494117342,nan,nan
494125677,nan,nan
494134012,nan,nan
494142345,nan,nan
494150678,nan,nan
494159011,nan,nan
494167345,nan,nan
494175678,nan,nan
494184012,nan,nan
494192345,nan,nan
494200678,nan,nan
494209011,nan,nan
494217345,nan,nan
494225678,nan,nan
494234012,nan,nan
494242345,nan,nan
494250678,nan,nan
494259013,nan,nan
494267349,nan,nan
494275682,nan,nan
494284015,nan,nan
494292348,nan,nan
494300682,nan,nan
494309015,nan,nan
494317349,nan,nan
494325682,nan,nan
494334015,nan,nan
494342348,nan,nan
494350682,nan,nan
494359015,nan,nan
494367349,nan,nan
494375682,nan,nan
494384016,nan,nan
494392350,nan,nan
494400685,nan,nan
494409018,nan,nan
494417352,nan,nan
494425685,nan,nan
494434019,nan,nan
494442352,nan,nan
494450685,nan,nan
494459018,nan,nan
494467352,nan,nan
494475685,nan,nan
494484018,nan,nan
494492351,nan,nan
494500685,nan,nan
494509018,nan,nan
494517352,nan,nan
494525685,nan,nan
494534018,nan,nan
494542351,nan,nan
494550685,nan,nan
494559018,nan,nan
494567352,nan,nan
494575685,nan,nan
494584018,nan,nan
494592351,nan,nan
494600685,nan,nan
494609018,nan,nan
494617352,nan,nan
494625685,nan,nan
494634018,nan,nan
494642355,nan,nan
494650692,nan,nan
494659025,nan,nan
494667359,nan,nan
494675692,nan,nan
494684025,nan,nan
494692358,nan,nan
494700692,nan,nan
494709025,nan,nan
494717359,nan,nan
494725692,nan,nan
494734025,nan,nan
494742358,nan,nan
494750692,nan,nan
494759025,nan,nan
494767359,nan,nan
494775694,nan,nan
494784029,nan,nan
494792362,nan,nan
494800696,nan,nan
494809029,nan,nan
494817362,nan,nan
494825695,nan,nan
494834029,nan,nan
494842362,nan,nan
494850696,nan,nan
494859029,nan,nan
494867362,nan,nan
494875695,nan,nan
494884029,nan,nan
494892362,nan,nan
494900696,nan,nan
494909030,nan,nan
494917365,nan,nan
494925698,nan,nan
494934031,nan,nan
494942364,nan,nan
494950698,nan,nan
494959031,nan,nan
494967365,nan,nan
494975698,nan,nan
494984031,nan,nan
494992364,nan,nan
495000698,nan,nan
495009031,nan,nan
495017364,nan,nan
495025697,nan,nan
495034031,nan,nan
495042366,nan,nan
495050702,nan,nan
495059035,nan,nan
495067368,nan,nan
495075701,nan,nan
495084035,nan,nan
495092368,nan,nan
495100702,nan,nan
495109035,nan,nan
495117368,nan,nan
495125701,nan,nan
495134035,nan,nan
495142368,nan,nan
495150702,nan,nan
495159035,nan,nan
495167368,nan,nan
495175703,nan,nan
495184038,nan,nan
495192371,nan,nan
495200705,nan,nan
495209038,nan,nan
495217371,nan,nan
495225704,nan,nan
495234038,nan,nan
495242371,nan,nan
495250705,nan,nan
495259038,nan,nan
495267371,nan,nan
495275704,nan,nan
495284038,nan,nan
495292371,nan,nan
495300705,nan,nan
495309040,nan,nan
495317375,nan,nan
495325708,nan,nan
495334042,nan,nan
495342375,nan,nan
495350708,nan,nan
495359041,nan,nan
495367375,nan,nan
495375708,nan,nan
495384042,nan,nan
495392375,nan,nan
495400708,nan,nan
495409041,nan,nan
495417375,nan,nan
495425708,nan,nan
495434041,nan,nan
495442374,nan,nan
495450708,nan,nan
495459041,nan,nan
495467374,nan,nan
495475707,nan,nan
495484041,nan,nan
495492374,nan,nan
495500708,nan,nan
495509041,nan,nan
495517374,nan,nan
495525707,nan,nan
495534041,nan,nan
495542374,nan,nan
495550707,nan,nan
495559044,nan,nan
495567381,nan,nan
495575714,nan,nan
495584048,nan,nan
495592381,nan,nan
495600714,nan,nan
495609047,nan,nan
495617381,nan,nan
495625714,nan,nan
495634048,nan,nan
495642381,nan,nan
495650714,nan,nan
495659047,nan,nan
495667381,nan,nan
495675714,nan,nan
495684048,nan,nan
495692382,nan,nan
495700717,nan,nan
495709050,nan,nan
495717384,nan,nan
495725717,nan,nan
495734051,nan,nan
495742384,nan,nan
495750717,nan,nan
495759050,nan,nan
495767384,nan,nan
495775717,nan,nan
495784051,nan,nan
495792384,nan,nan
495800717,nan,nan
495809050,nan,nan
495817384,nan,nan
495825719,nan,nan
495834055,nan,nan
495842388,nan,nan
495850721,nan,nan
495859054,nan,nan
495867388,nan,nan
495875721,nan,nan
495884054,nan,nan
495892387,nan,nan
495900721,nan,nan
495909054,nan,nan
495917388,nan,nan
495925721,nan,nan
495934054,nan,nan
495942387,nan,nan
495950721,nan,nan
495959056,nan,nan
495967392,nan,nan
495975725,nan,nan
495984059,nan,nan
495992392,nan,nan
496000725,nan,nan
496009058,nan,nan
496017392,nan,nan
496025725,nan,nan
496034059,nan,nan
496042392,nan,nan
496050725,nan,nan
496059058,nan,nan
496067392,nan,nan
496075725,nan,nan
496084058,nan,nan
496092393,nan,nan
496100728,nan,nan
496109061,nan,nan
496117395,nan,nan
496125728,nan,nan
496134061,nan,nan
496142394,nan,nan
496150728,nan,nan
496159061,nan,nan
496167395,nan,nan
496175728,nan,nan
496184061,nan,nan
496192394,nan,nan
496200728,nan,nan
496209061,nan,nan
496217395,nan,nan
496225729,nan,nan
496234064,nan,nan
496242397,nan,nan
496250731,nan,nan
496259064,nan,nan
496267398,nan,nan
496275731,nan,nan
496284064,nan,nan
496292397,nan,nan
496300731,nan,nan
496309064,nan,nan
496317398,nan,nan
496325731,nan,nan
496334064,nan,nan
496342397,nan,nan
496350731,nan,nan
496359066,nan,nan
496367402,nan,nan
496375735,nan,nan
496384068,nan,nan
496392401,nan,nan
496400735,nan,nan
496409068,nan,nan
496417401,nan,nan
496425734,nan,nan
496434068,nan,nan
496442401,nan,nan
496450735,nan,nan
496459068,nan,nan
496467401,nan,nan
496475735,nan,nan
496484070,nan,nan
496492403,nan,nan
496500737,nan,nan
496509070,nan,nan
496517404,nan,nan
496525737,nan,nan
496534070,nan,nan
496542403,nan,nan
496550737,nan,nan
496559070,nan,nan
496567404,nan,nan
496575737,nan,nan
496584070,nan,nan
496592403,nan,nan
496600737,nan,nan
496609072,nan,nan
496617408,nan,nan
496625741,nan,nan
496634075,nan,nan
496642408,nan,nan
496650742,nan,nan
496659075,nan,nan
496667408,nan,nan
496675741,nan,nan
496684075,nan,nan
496692408,nan,nan
496700742,nan,nan
496709075,nan,nan
496717408,nan,nan
496725741,nan,nan
496734075,nan,nan
496742409,nan,nan
496750744,nan,nan
496759077,nan,nan
496767410,nan,nan
496775743,nan,nan
496784077,nan,nan
496792410,nan,nan
496800744,nan,nan
496809077,nan,nan
496817410,nan,nan
496825743,nan,nan
496834077,nan,nan
496842410,nan,nan
496850744,nan,nan
496859077,nan,nan
496867410,nan,nan
496875745,nan,nan
496884081,nan,nan
496892414,nan,nan
496900748,nan,nan
496909081,nan,nan
496917414,nan,nan
496925747,nan,nan
496934081,nan,nan
496942414,nan,nan
496950747,nan,nan
496959080,nan,nan
496967414,nan,nan
496975747,nan,nan
496984081,nan,nan
496992414,nan,nan
497000747,nan,nan
497009082,nan,nan
497017418,nan,nan
497025751,nan,nan
497034085,nan,nan
497042418,nan,nan
497050752,nan,nan
497059085,nan,nan
497067418,nan,nan
497075751,nan,nan
497084085,nan,nan
497092418,nan,nan
497100752,nan,nan
497109085,nan,nan
497117418,nan,nan
497125751,nan,nan
497134085,nan,nan
497142419,nan,nan
497150754,nan,nan
497159087,nan,nan
497167421,nan,nan
497175754,nan,nan
497184088,nan,nan
497192421,nan,nan
497200754,nan,nan
497209087,nan,nan
497217421,nan,nan
497225754,nan,nan
497234088,nan,nan
497242421,nan,nan
497250754,nan,nan
497259087,nan,nan
497267421,nan,nan
497275756,nan,nan
497284091,nan,nan
497292424,nan,nan
497300757,nan,nan
497309090,nan,nan
497317424,nan,nan
497325757,nan,nan
497334091,nan,nan
497342424,nan,nan
497350757,nan,nan
497359090,nan,nan
497367424,nan,nan
497375757,nan,nan
497384091,nan,nan
497392425,nan,nan
497400760,nan,nan
497409093,nan,nan
497417427,nan,nan
497425760,nan,nan
497434094,nan,nan
497442427,nan,nan
497450760,nan,nan
497459093,nan,nan
497467427,nan,nan
497475760,nan,nan
497484093,nan,nan
497492426,nan,nan
497500760,nan,nan
497509093,nan,nan
497517427,nan,nan
497525762,nan,nan
497534097,nan,nan
497542430,nan,nan
497550764,nan,nan
497559097,nan,nan
497567431,nan,nan
497575764,nan,nan
497584098,nan,nan
497592431,nan,nan
497600764,nan,nan
497609097,nan,nan
497617431,nan,nan
497625764,nan,nan
497634098,nan,nan
497642431,nan,nan
497650764,nan,nan
497659099,nan,nan
497667435,nan,nan
497675768,nan,nan
497684101,nan,nan
497692434,nan,nan
497700768,nan,nan
497709101,nan,nan
497717435,nan,nan
497725768,nan,nan
497734101,nan,nan
497742434,nan,nan
497750768,nan,nan
497759101,nan,nan
497767435,nan,nan
497775768,nan,nan
497784101,nan,nan
497792436,nan,nan
497800771,nan,nan
497809104,nan,nan
497817438,nan,nan
497825771,nan,nan
497834104,nan,nan
497842437,nan,nan
497850771,nan,nan
497859104,nan,nan
497867438,nan,nan
497875771,nan,nan
497884104,nan,nan
497892437,nan,nan
497900771,nan,nan
497909104,nan,nan
497917438,nan,nan
497925773,nan,nan
497934108,nan,nan
497942441,nan,nan
497950775,nan,nan
497959108,nan,nan
497967442,nan,nan
497975775,nan,nan
497984108,nan,nan
497992441,nan,nan
498000775,nan,nan
498009108,nan,nan
498017441,nan,nan
498025774,nan,nan
498034108,nan,nan
498042441,nan,nan
498050775,nan,nan
498059109,nan,nan
498067444,nan,nan
498075777,nan,nan
498084111,nan,nan
498092444,nan,nan
498100778,nan,nan
498109111,nan,nan
498117445,nan,nan
498125778,nan,nan
498134111,nan,nan
498142444,nan,nan
498150778,nan,nan
498159111,nan,nan
498167445,nan,nan
498175778,nan,nan
498184111,nan,nan
498192446,nan,nan
498200781,nan,nan
498209114,nan,nan
498217447,nan,nan
498225780,nan,nan
498234114,nan,nan
498242447,nan,nan
498250781,nan,nan
498259114,nan,nan
498267447,nan,nan
498275780,nan,nan
498284114,nan,nan
498292447,nan,nan
498300781,nan,nan
498309114,nan,nan
498317447,nan,nan
498325782,nan,nan
498334117,nan,nan
498342450,nan,nan
498350784,nan,nan
498359117,nan,nan
498367450,nan,nan
498375783,nan,nan
498384117,nan,nan
498392450,nan,nan
498400784,nan,nan
498409117,nan,nan
498417450,nan,nan
498425783,nan,nan
498434117,nan,nan
498442451,nan,nan
498450786,nan,nan
498459119,nan,nan
498467452,nan,nan
498475785,nan,nan
498484119,nan,nan
498492452,nan,nan
498500786,nan,nan
498509119,nan,nan
498517452,nan,nan
498525785,nan,nan
498534119,nan,nan
498542452,nan,nan
498550785,nan,nan
498559118,nan,nan
498567452,nan,nan
498575788,nan,nan
498584125,nan,nan
498592458,nan,nan
498600791,nan,nan
498609124,nan,nan
498617458,nan,nan
498625791,nan,nan
498634125,nan,nan
498642458,nan,nan
498650792,nan,nan
498659125,nan,nan
498667458,nan,nan
498675791,nan,nan
498684125,nan,nan
498692458,nan,nan
498700792,nan,nan
498709126,nan,nan
498717460,nan,nan
498725793,nan,nan
498734127,nan,nan
498742460,nan,nan
498750793,nan,nan
498759126,nan,nan
498767460,nan,nan
498775793,nan,nan
498784127,nan,nan
498792460,nan,nan
498800793,nan,nan
498809126,nan,nan
498817460,nan,nan
498825793,nan,nan
498834127,nan,nan
498842462,nan,nan
498850797,nan,nan
498859130,nan,nan
498867464,nan,nan
498875797,nan,nan
498884131,nan,nan
498892464,nan,nan
498900797,nan,nan
498909130,nan,nan
498917464,nan,nan
498925797,nan,nan
498934131,nan,nan
498942464,nan,nan
498950797,nan,nan
498959130,nan,nan
498967464,nan,nan
498975799,nan,nan
498984134,nan,nan
498992467,nan,nan
499000800,nan,nan
499009133,nan,nan
499017467,nan,nan
499025800,nan,nan
499034134,nan,nan
499042467,nan,nan
499050800,nan,nan
499059133,nan,nan
499067467,nan,nan
499075800,nan,nan
499084133,nan,nan
499092466,nan,nan
499100800,nan,nan
499109135,nan,nan
499117471,nan,nan
499125804,nan,nan
499134137,nan,nan
499142470,nan,nan
499150804,nan,nan
499159137,nan,nan
499167471,nan,nan
499175804,nan,nan
499184138,nan,nan
499192471,nan,nan
499200804,nan,nan
499209137,nan,nan
499217471,nan,nan
499225804,nan,nan
499234138,nan,nan
499242472,nan,nan
499250807,nan,nan
499259140,nan,nan
499267474,nan,nan
499275807,nan,nan
499284140,nan,nan
499292473,nan,nan
499300807,nan,nan
499309140,nan,nan
499317474,nan,nan
499325807,nan,nan
499334140,nan,nan
499342473,nan,nan
499350807,nan,nan
499359140,nan,nan
499367474,nan,nan
499375807,nan,nan
499384140,nan,nan
499392473,nan,nan
499400807,nan,nan
499409140,nan,nan
499417474,nan,nan
499425807,nan,nan
499434140,nan,nan
499442473,nan,nan
499450807,nan,nan
499459140,nan,nan
499467474,nan,nan
499475807,nan,nan
499484140,nan,nan
499492477,nan,nan
499500814,nan,nan
499509147,nan,nan
499517481,nan,nan
499525814,nan,nan
499534147,nan,nan
499542480,nan,nan
499550814,nan,nan
499559147,nan,nan
499567481,nan,nan
499575814,nan,nan
499584147,nan,nan
499592480,nan,nan
499600814,nan,nan
499609147,nan,nan
499617480,nan,nan
499625816,nan,nan
499634152,nan,nan
499642485,nan,nan
499650819,nan,nan
499659152,nan,nan
499667485,nan,nan
499675818,nan,nan
499684152,nan,nan
499692485,nan,nan
499700819,nan,nan
499709152,nan,nan
499717486,nan,nan
499725819,nan,nan
499734152,nan,nan
499742485,nan,nan
499750819,nan,nan
499759152,nan,nan
499767486,nan,nan
499775819,nan,nan
499784152,nan,nan
499792485,nan,nan
499800819,nan,nan
499809152,nan,nan
499817485,nan,nan
499825818,nan,nan
499834152,nan,nan
499842485,nan,nan
499850819,nan,nan
499859152,nan,nan
499867485,nan,nan
499875818,nan,nan
499884152,nan,nan
499892488,nan,nan
499900825,nan,nan
499909158,nan,nan
499917491,nan,nan
499925824,nan,nan
499934158,nan,nan
499942491,nan,nan
499950825,nan,nan
499959158,nan,nan
499967491,nan,nan
499975824,nan,nan
499984158,nan,nan
499992491,nan,nan
500000825,nan,nan
500009158,nan,nan
500017491,nan,nan
500025825,nan,nan
500034160,nan,nan
500042493,nan,nan
500050827,nan,nan
500059160,nan,nan
500067493,nan,nan
500075826,nan,nan
500084160,nan,nan
500092493,nan,nan
500100827,nan,nan
500109160,nan,nan
500117493,nan,nan
500125826,nan,nan
500134160,nan,nan
500142493,nan,nan
500150826,nan,nan
500159161,nan,nan
500167497,nan,nan
500175830,nan,nan
500184164,nan,nan
500192497,nan,nan
500200830,nan,nan
500209163,nan,nan
500217497,nan,nan
500225830,nan,nan
500234164,nan,nan
500242497,nan,nan
500250831,nan,nan
500259164,nan,nan
500267497,nan,nan
500275830,nan,nan
500284164,nan,nan
500292499,nan,nan
500300834,nan,nan
500309167,nan,nan
500317500,nan,nan
500325833,nan,nan
500334167,nan,nan
500342500,nan,nan
500350833,nan,nan
500359166,nan,nan
500367500,nan,nan
500375833,nan,nan
500384167,nan,nan
500392500,nan,nan
500400833,nan,nan
500409168,nan,nan
500417504,nan,nan
500425837,nan,nan
500434171,nan,nan
500442504,nan,nan
500450837,nan,nan
500459170,nan,nan
500467504,nan,nan
500475837,nan,nan
500484171,nan,nan
500492504,nan,nan
500500837,nan,nan
500509170,nan,nan
500517504,nan,nan
500525837,nan,nan
500534171,nan,nan
500542506,nan,nan
500550841,nan,nan
500559174,nan,nan
500567508,nan,nan
500575841,nan,nan
500584175,nan,nan
500592508,nan,nan
500600841,nan,nan
500609174,nan,nan
500617508,nan,nan
500625841,nan,nan
500634175,nan,nan
500642508,nan,nan
500650841,nan,nan
500659174,nan,nan
500667508,nan,nan
500675842,nan,nan
500684176,nan,nan
500692509,nan,nan
500700843,nan,nan
500709176,nan,nan
500717510,nan,nan
500725843,nan,nan
500734176,nan,nan
500742509,nan,nan
500750843,nan,nan
500759176,nan,nan
500767510,nan,nan
500775843,nan,nan
500784177,nan,nan
500792510,nan,nan
500800843,nan,nan
500809178,nan,nan
500817514,nan,nan
500825847,nan,nan
500834181,nan,nan
500842514,nan,nan
500850847,nan,nan
500859180,nan,nan
500867514,nan,nan
500875847,nan,nan
500884180,nan,nan
500892513,nan,nan
500900847,nan,nan
500909180,nan,nan
500917514,nan,nan
500925847,nan,nan
500934180,nan,nan
500942515,nan,nan
500950850,nan,nan
500959183,nan,nan
500967517,nan,nan
500975850,nan,nan
500984183,nan,nan
500992516,nan,nan
501000850,nan,nan
501009183,nan,nan
501017517,nan,nan
501025850,nan,nan
501034183,nan,nan
501042516,nan,nan
501050850,nan,nan
501059183,nan,nan
501067517,nan,nan
501075851,nan,nan
501084186,nan,nan
501092519,nan,nan
501100853,nan,nan
501109186,nan,nan
501117520,nan,nan
501125853,nan,nan
501134186,nan,nan
501142519,nan,nan
501150853,nan,nan
501159186,nan,nan
501167520,nan,nan
501175853,nan,nan
501184186,nan,nan
501192519,nan,nan
501200853,nan,nan
501209188,nan,nan
501217523,nan,nan
501225856,nan,nan
501234190,nan,nan
501242523,nan,nan
501250857,nan,nan
501259190,nan,nan
501267523,nan,nan
501275856,nan,nan
501284190,nan,nan
501292523,nan,nan
501300857,nan,nan
501309190,nan,nan
501317524,nan,nan
501325857,nan,nan
501334191,nan,nan
501342524,nan,nan
501350858,nan,nan
501359191,nan,nan
501367525,nan,nan
501375858,nan,nan
501384191,nan,nan
501392524,nan,nan
501400858,nan,nan
501409191,nan,nan
501417524,nan,nan
501425857,nan,nan
501434191,nan,nan
501442524,nan,nan
501450858,nan,nan
501459194,nan,nan
501467531,nan,nan
501475864,nan,nan
501484198,nan,nan
501492531,nan,nan
501500865,nan,nan
501509198,nan,nan
501517531,nan,nan
501525864,nan,nan
501534198,nan,nan
501542531,nan,nan
501550865,nan,nan
501559198,nan,nan
501567531,nan,nan
501575864,nan,nan
501584198,nan,nan
501592532,nan,nan
501600867,nan,nan
501609200,nan,nan
501617533,nan,nan
501625866,nan,nan
501634200,nan,nan
501642533,nan,nan
501650867,nan,nan
501659200,nan,nan
501667533,nan,nan
501675866,nan,nan
501684200,nan,nan
501692533,nan,nan
501700867,nan,nan
501709200,nan,nan
501717533,nan,nan
501725868,nan,nan
501734204,nan,nan
501742537,nan,nan
501750870,nan,nan
501759203,nan,nan
501767537,nan,nan
501775870,nan,nan
501784204,nan,nan
501792537,nan,nan
501800870,nan,nan
501809203,nan,nan
501817537,nan,nan
501825870,nan,nan
501834204,nan,nan
501842537,nan,nan
501850871,nan,nan
501859206,nan,nan
501867541,nan,nan
501875874,nan,nan
501884208,nan,nan
501892541,nan,nan
501900875,nan,nan
501909208,nan,nan
501917541,nan,nan
501925874,nan,nan
501934208,nan,nan
501942541,nan,nan
501950874,nan,nan
501959207,nan,nan
501967541,nan,nan
501975874,nan,nan
501984208,nan,nan
501992542,nan,nan
502000876,nan,nan
502009209,nan,nan
502017543,nan,nan
502025876,nan,nan
502034210,nan,nan
502042543,nan,nan
502050876,nan,nan
502059209,nan,nan
502067543,nan,nan
502075876,nan,nan
502084210,nan,nan
502092543,nan,nan
502100876,nan,nan
502109209,nan,nan
502117543,nan,nan
502125878,nan,nan
502134214,nan,nan
502142547,nan,nan
502150880,nan,nan
502159213,nan,nan
502167547,nan,nan
502175880,nan,nan
502184214,nan,nan
502192547,nan,nan
502200880,nan,nan
502209213,nan,nan
502217547,nan,nan
502225880,nan,nan
502234214,nan,nan
502242547,nan,nan
502250881,nan,nan
502259214,nan,nan
502267548,nan,nan
502275881,nan,nan
502284214,nan,nan
502292547,nan,nan
502300881,nan,nan
502309214,nan,nan
502317548,nan,nan
502325881,nan,nan
502334214,nan,nan
502342547,nan,nan
502350881,nan,nan
502359214,nan,nan
502367548,nan,nan
502375884,nan,nan
502384220,nan,nan
502392553,nan,nan
502400886,nan,nan
502409219,nan,nan
502417553,nan,nan
502425886,nan,nan
502434220,nan,nan
502442553,nan,nan
502450886,nan,nan
502459219,nan,nan
502467553,nan,nan
502475886,nan,nan
502484219,nan,nan
502492552,nan,nan
502500886,nan,nan
502509221,nan,nan
502517557,nan,nan
502525890,nan,nan
502534223,nan,nan
502542556,nan,nan
502550890,nan,nan
502559223,nan,nan
502567557,nan,nan
502575890,nan,nan
502584223,nan,nan
502592556,nan,nan
502600890,nan,nan
502609223,nan,nan
502617557,nan,nan
502625890,nan,nan
502634223,nan,nan
502642558,nan,nan
502650893,nan,nan
502659226,nan,nan
502667560,nan,nan
502675893,nan,nan
502684226,nan,nan
502692559,nan,nan
502700893,nan,nan
502709226,nan,nan
502717560,nan,nan
502725893,nan,nan
502734226,nan,nan
502742559,nan,nan
502750893,nan,nan
502759226,nan,nan
502767560,nan,nan
502775895,nan,nan
502784230,nan,nan
502792563,nan,nan
502800897,nan,nan
502809230,nan,nan
502817563,nan,nan
502825896,nan,nan
502834230,nan,nan
502842563,nan,nan
502850897,nan,nan
502859230,nan,nan
502867563,nan,nan
502875896,nan,nan
502884230,nan,nan
502892563,nan,nan
502900897,nan,nan
502909232,nan,nan
502917567,nan,nan
502925900,nan,nan
502934233,nan,nan
502942566,nan,nan
502950900,nan,nan
502959233,nan,nan
502967567,nan,nan
502975900,nan,nan
502984233,nan,nan
502992566,nan,nan
503000900,nan,nan
503009233,nan,nan
503017566,nan,nan
503025899,nan,nan
503034233,nan,nan
503042568,nan,nan
503050903,nan,nan
503059236,nan,nan
503067569,nan,nan
503075902,nan,nan
503084236,nan,nan
503092569,nan,nan
503100903,nan,nan
503109236,nan,nan
503117569,nan,nan
503125902,nan,nan
503134236,nan,nan
503142569,nan,nan
503150903,nan,nan
503159237,nan,nan
503167571,nan,nan
503175904,nan,nan
503184238,nan,nan
503192571,nan,nan
503200905,nan,nan
503209238,nan,nan
503217571,nan,nan
503225904,nan,nan
503234238,nan,nan
503242571,nan,nan
503250905,nan,nan
503259238,nan,nan
503267571,nan,nan
503275904,nan,nan
503284238,nan,nan
503292573,nan,nan
503300908,nan,nan
503309241,nan,nan
503317574,nan,nan
503325907,nan,nan
503334241,nan,nan
503342574,nan,nan
503350907,nan,nan
503359240,nan,nan
503367574,nan,nan
503375907,nan,nan
503384241,nan,nan
503392574,nan,nan
503400907,nan,nan
503409240,nan,nan
503417574,nan,nan
503425910,nan,nan
503434247,nan,nan
503442580,nan,nan
503450914,nan,nan
